--
-- PostgreSQL database dump
--

-- Dumped from database version 17.0
-- Dumped by pg_dump version 17.0

-- Started on 2024-12-17 16:21:45

SET statement_timeout = 0;
SET lock_timeout = 0;
SET idle_in_transaction_session_timeout = 0;
SET transaction_timeout = 0;
SET client_encoding = 'UTF8';
SET standard_conforming_strings = on;
SELECT pg_catalog.set_config('search_path', '', false);
SET check_function_bodies = false;
SET xmloption = content;
SET client_min_messages = warning;
SET row_security = off;

--
-- TOC entry 5112 (class 1262 OID 17793)
-- Name: db_tp; Type: DATABASE; Schema: -; Owner: postgres
--

CREATE DATABASE db_tp WITH TEMPLATE = template0 ENCODING = 'UTF8' LOCALE_PROVIDER = libc LOCALE = 'Spanish_Spain.1252';


ALTER DATABASE db_tp OWNER TO postgres;

\connect db_tp

SET statement_timeout = 0;
SET lock_timeout = 0;
SET idle_in_transaction_session_timeout = 0;
SET transaction_timeout = 0;
SET client_encoding = 'UTF8';
SET standard_conforming_strings = on;
SELECT pg_catalog.set_config('search_path', '', false);
SET check_function_bodies = false;
SET xmloption = content;
SET client_min_messages = warning;
SET row_security = off;

--
-- TOC entry 4 (class 2615 OID 2200)
-- Name: public; Type: SCHEMA; Schema: -; Owner: pg_database_owner
--

CREATE SCHEMA public;


ALTER SCHEMA public OWNER TO pg_database_owner;

--
-- TOC entry 5113 (class 0 OID 0)
-- Dependencies: 4
-- Name: SCHEMA public; Type: COMMENT; Schema: -; Owner: pg_database_owner
--

COMMENT ON SCHEMA public IS 'standard public schema';


SET default_tablespace = '';

SET default_table_access_method = heap;

--
-- TOC entry 250 (class 1259 OID 18002)
-- Name: Actividad; Type: TABLE; Schema: public; Owner: postgres
--

CREATE TABLE public."Actividad" (
    id_actividad_historia integer NOT NULL,
    id_actividad integer NOT NULL,
    nombre character varying(40) NOT NULL,
    descripcion character varying(250) NOT NULL,
    activo boolean NOT NULL,
    fecha_baja date,
    id_docente integer NOT NULL
);


ALTER TABLE public."Actividad" OWNER TO postgres;

--
-- TOC entry 249 (class 1259 OID 18001)
-- Name: Actividad_id_actividad_historia_seq; Type: SEQUENCE; Schema: public; Owner: postgres
--

ALTER TABLE public."Actividad" ALTER COLUMN id_actividad_historia ADD GENERATED BY DEFAULT AS IDENTITY (
    SEQUENCE NAME public."Actividad_id_actividad_historia_seq"
    START WITH 1
    INCREMENT BY 1
    NO MINVALUE
    NO MAXVALUE
    CACHE 1
);


--
-- TOC entry 244 (class 1259 OID 17975)
-- Name: Administrador; Type: TABLE; Schema: public; Owner: postgres
--

CREATE TABLE public."Administrador" (
    id_usuario character varying(10) NOT NULL
);


ALTER TABLE public."Administrador" OWNER TO postgres;

--
-- TOC entry 237 (class 1259 OID 17945)
-- Name: Aula; Type: TABLE; Schema: public; Owner: postgres
--

CREATE TABLE public."Aula" (
    nro_aula character varying(25) NOT NULL,
    capacidad smallint NOT NULL,
    piso character varying(20) NOT NULL,
    aire_acondicionado boolean NOT NULL,
    estado_aula character varying(15) NOT NULL,
    activo boolean NOT NULL,
    fecha_baja date,
    CONSTRAINT "Aula_capacidad_check" CHECK ((capacidad >= 0))
);


ALTER TABLE public."Aula" OWNER TO postgres;

--
-- TOC entry 246 (class 1259 OID 17985)
-- Name: AulaInformatica; Type: TABLE; Schema: public; Owner: postgres
--

CREATE TABLE public."AulaInformatica" (
    nro_aula character varying(25) NOT NULL,
    "cant_PCs" smallint NOT NULL,
    canion boolean NOT NULL,
    CONSTRAINT "AulaInformatica_cant_PCs_check" CHECK (("cant_PCs" >= 0))
);


ALTER TABLE public."AulaInformatica" OWNER TO postgres;

--
-- TOC entry 247 (class 1259 OID 17991)
-- Name: AulaMultimedio; Type: TABLE; Schema: public; Owner: postgres
--

CREATE TABLE public."AulaMultimedio" (
    nro_aula character varying(25) NOT NULL,
    televisor boolean NOT NULL,
    canion boolean NOT NULL,
    ventilador boolean NOT NULL,
    computadora boolean NOT NULL
);


ALTER TABLE public."AulaMultimedio" OWNER TO postgres;

--
-- TOC entry 248 (class 1259 OID 17996)
-- Name: AulaSinRecursosAdicionales; Type: TABLE; Schema: public; Owner: postgres
--

CREATE TABLE public."AulaSinRecursosAdicionales" (
    nro_aula character varying(25) NOT NULL,
    ventilador boolean NOT NULL
);


ALTER TABLE public."AulaSinRecursosAdicionales" OWNER TO postgres;

--
-- TOC entry 245 (class 1259 OID 17980)
-- Name: Bedel; Type: TABLE; Schema: public; Owner: postgres
--

CREATE TABLE public."Bedel" (
    id_usuario character varying(10) NOT NULL,
    turno character varying(10) NOT NULL
);


ALTER TABLE public."Bedel" OWNER TO postgres;

--
-- TOC entry 239 (class 1259 OID 17952)
-- Name: Docente; Type: TABLE; Schema: public; Owner: postgres
--

CREATE TABLE public."Docente" (
    id_docente_historia integer NOT NULL,
    id_docente integer NOT NULL,
    nombre character varying(30) NOT NULL,
    apellido character varying(30) NOT NULL,
    correo_contacto character varying(50) NOT NULL,
    activo boolean NOT NULL,
    fecha_baja date
);


ALTER TABLE public."Docente" OWNER TO postgres;

--
-- TOC entry 238 (class 1259 OID 17951)
-- Name: Docente_id_docente_historia_seq; Type: SEQUENCE; Schema: public; Owner: postgres
--

ALTER TABLE public."Docente" ALTER COLUMN id_docente_historia ADD GENERATED BY DEFAULT AS IDENTITY (
    SEQUENCE NAME public."Docente_id_docente_historia_seq"
    START WITH 1
    INCREMENT BY 1
    NO MINVALUE
    NO MAXVALUE
    CACHE 1
);


--
-- TOC entry 241 (class 1259 OID 17958)
-- Name: Periodo; Type: TABLE; Schema: public; Owner: postgres
--

CREATE TABLE public."Periodo" (
    id_periodo integer NOT NULL,
    tipo character varying(25) NOT NULL,
    anio integer NOT NULL,
    fecha_inicio date NOT NULL,
    fecha_fin date NOT NULL,
    activo boolean NOT NULL,
    fecha_baja date
);


ALTER TABLE public."Periodo" OWNER TO postgres;

--
-- TOC entry 240 (class 1259 OID 17957)
-- Name: Periodo_id_periodo_seq; Type: SEQUENCE; Schema: public; Owner: postgres
--

ALTER TABLE public."Periodo" ALTER COLUMN id_periodo ADD GENERATED BY DEFAULT AS IDENTITY (
    SEQUENCE NAME public."Periodo_id_periodo_seq"
    START WITH 1
    INCREMENT BY 1
    NO MINVALUE
    NO MAXVALUE
    CACHE 1
);


--
-- TOC entry 252 (class 1259 OID 18008)
-- Name: Reserva; Type: TABLE; Schema: public; Owner: postgres
--

CREATE TABLE public."Reserva" (
    id_reserva integer NOT NULL,
    cantidad_alumnos smallint NOT NULL,
    fecha_solicitud date NOT NULL,
    tipo character varying(15) NOT NULL,
    activo boolean NOT NULL,
    fecha_baja date,
    id_actividad integer NOT NULL,
    id_periodo integer,
    id_bedel character varying(10) NOT NULL,
    CONSTRAINT "Reserva_cantidad_alumnos_check" CHECK ((cantidad_alumnos >= 0))
);


ALTER TABLE public."Reserva" OWNER TO postgres;

--
-- TOC entry 251 (class 1259 OID 18007)
-- Name: Reserva_id_reserva_seq; Type: SEQUENCE; Schema: public; Owner: postgres
--

ALTER TABLE public."Reserva" ALTER COLUMN id_reserva ADD GENERATED BY DEFAULT AS IDENTITY (
    SEQUENCE NAME public."Reserva_id_reserva_seq"
    START WITH 1
    INCREMENT BY 1
    NO MINVALUE
    NO MAXVALUE
    CACHE 1
);


--
-- TOC entry 254 (class 1259 OID 18015)
-- Name: Reservacion; Type: TABLE; Schema: public; Owner: postgres
--

CREATE TABLE public."Reservacion" (
    id_reservacion integer NOT NULL,
    fecha date NOT NULL,
    duracion smallint NOT NULL,
    dia character varying(12) NOT NULL,
    hora_inicio time without time zone NOT NULL,
    activo boolean NOT NULL,
    fecha_baja date,
    id_reserva integer NOT NULL,
    nro_aula character varying(25) NOT NULL,
    CONSTRAINT "Reservacion_duracion_check" CHECK ((duracion >= 0))
);


ALTER TABLE public."Reservacion" OWNER TO postgres;

--
-- TOC entry 253 (class 1259 OID 18014)
-- Name: Reservacion_id_reservacion_seq; Type: SEQUENCE; Schema: public; Owner: postgres
--

ALTER TABLE public."Reservacion" ALTER COLUMN id_reservacion ADD GENERATED BY DEFAULT AS IDENTITY (
    SEQUENCE NAME public."Reservacion_id_reservacion_seq"
    START WITH 1
    INCREMENT BY 1
    NO MINVALUE
    NO MAXVALUE
    CACHE 1
);


--
-- TOC entry 255 (class 1259 OID 18021)
-- Name: Tiene; Type: TABLE; Schema: public; Owner: postgres
--

CREATE TABLE public."Tiene" (
    id integer NOT NULL,
    nro_aula character varying(25) NOT NULL,
    id_tipo_pizarron integer NOT NULL
);


ALTER TABLE public."Tiene" OWNER TO postgres;

--
-- TOC entry 256 (class 1259 OID 18255)
-- Name: Tiene_id_seq; Type: SEQUENCE; Schema: public; Owner: postgres
--

ALTER TABLE public."Tiene" ALTER COLUMN id ADD GENERATED BY DEFAULT AS IDENTITY (
    SEQUENCE NAME public."Tiene_id_seq"
    START WITH 1
    INCREMENT BY 1
    NO MINVALUE
    NO MAXVALUE
    CACHE 1
);


--
-- TOC entry 243 (class 1259 OID 17970)
-- Name: TipoPizarron; Type: TABLE; Schema: public; Owner: postgres
--

CREATE TABLE public."TipoPizarron" (
    id_tipo_pizarron integer NOT NULL,
    nombre character varying(20) NOT NULL,
    descripcion character varying(50) NOT NULL,
    activo boolean NOT NULL,
    fecha_baja date
);


ALTER TABLE public."TipoPizarron" OWNER TO postgres;

--
-- TOC entry 242 (class 1259 OID 17969)
-- Name: TipoPizarron_id_tipo_pizarron_seq; Type: SEQUENCE; Schema: public; Owner: postgres
--

ALTER TABLE public."TipoPizarron" ALTER COLUMN id_tipo_pizarron ADD GENERATED BY DEFAULT AS IDENTITY (
    SEQUENCE NAME public."TipoPizarron_id_tipo_pizarron_seq"
    START WITH 1
    INCREMENT BY 1
    NO MINVALUE
    NO MAXVALUE
    CACHE 1
);


--
-- TOC entry 236 (class 1259 OID 17940)
-- Name: Usuario; Type: TABLE; Schema: public; Owner: postgres
--

CREATE TABLE public."Usuario" (
    id_usuario character varying(10) NOT NULL,
    contrasenia bytea NOT NULL,
    nombre character varying(30) NOT NULL,
    apellido character varying(30) NOT NULL,
    activo boolean NOT NULL,
    fecha_baja date
);


ALTER TABLE public."Usuario" OWNER TO postgres;

--
-- TOC entry 224 (class 1259 OID 17817)
-- Name: auth_group; Type: TABLE; Schema: public; Owner: postgres
--

CREATE TABLE public.auth_group (
    id integer NOT NULL,
    name character varying(150) NOT NULL
);


ALTER TABLE public.auth_group OWNER TO postgres;

--
-- TOC entry 223 (class 1259 OID 17816)
-- Name: auth_group_id_seq; Type: SEQUENCE; Schema: public; Owner: postgres
--

ALTER TABLE public.auth_group ALTER COLUMN id ADD GENERATED BY DEFAULT AS IDENTITY (
    SEQUENCE NAME public.auth_group_id_seq
    START WITH 1
    INCREMENT BY 1
    NO MINVALUE
    NO MAXVALUE
    CACHE 1
);


--
-- TOC entry 226 (class 1259 OID 17825)
-- Name: auth_group_permissions; Type: TABLE; Schema: public; Owner: postgres
--

CREATE TABLE public.auth_group_permissions (
    id bigint NOT NULL,
    group_id integer NOT NULL,
    permission_id integer NOT NULL
);


ALTER TABLE public.auth_group_permissions OWNER TO postgres;

--
-- TOC entry 225 (class 1259 OID 17824)
-- Name: auth_group_permissions_id_seq; Type: SEQUENCE; Schema: public; Owner: postgres
--

ALTER TABLE public.auth_group_permissions ALTER COLUMN id ADD GENERATED BY DEFAULT AS IDENTITY (
    SEQUENCE NAME public.auth_group_permissions_id_seq
    START WITH 1
    INCREMENT BY 1
    NO MINVALUE
    NO MAXVALUE
    CACHE 1
);


--
-- TOC entry 222 (class 1259 OID 17811)
-- Name: auth_permission; Type: TABLE; Schema: public; Owner: postgres
--

CREATE TABLE public.auth_permission (
    id integer NOT NULL,
    name character varying(255) NOT NULL,
    content_type_id integer NOT NULL,
    codename character varying(100) NOT NULL
);


ALTER TABLE public.auth_permission OWNER TO postgres;

--
-- TOC entry 221 (class 1259 OID 17810)
-- Name: auth_permission_id_seq; Type: SEQUENCE; Schema: public; Owner: postgres
--

ALTER TABLE public.auth_permission ALTER COLUMN id ADD GENERATED BY DEFAULT AS IDENTITY (
    SEQUENCE NAME public.auth_permission_id_seq
    START WITH 1
    INCREMENT BY 1
    NO MINVALUE
    NO MAXVALUE
    CACHE 1
);


--
-- TOC entry 228 (class 1259 OID 17831)
-- Name: auth_user; Type: TABLE; Schema: public; Owner: postgres
--

CREATE TABLE public.auth_user (
    id integer NOT NULL,
    password character varying(128) NOT NULL,
    last_login timestamp with time zone,
    is_superuser boolean NOT NULL,
    username character varying(150) NOT NULL,
    first_name character varying(150) NOT NULL,
    last_name character varying(150) NOT NULL,
    email character varying(254) NOT NULL,
    is_staff boolean NOT NULL,
    is_active boolean NOT NULL,
    date_joined timestamp with time zone NOT NULL
);


ALTER TABLE public.auth_user OWNER TO postgres;

--
-- TOC entry 230 (class 1259 OID 17839)
-- Name: auth_user_groups; Type: TABLE; Schema: public; Owner: postgres
--

CREATE TABLE public.auth_user_groups (
    id bigint NOT NULL,
    user_id integer NOT NULL,
    group_id integer NOT NULL
);


ALTER TABLE public.auth_user_groups OWNER TO postgres;

--
-- TOC entry 229 (class 1259 OID 17838)
-- Name: auth_user_groups_id_seq; Type: SEQUENCE; Schema: public; Owner: postgres
--

ALTER TABLE public.auth_user_groups ALTER COLUMN id ADD GENERATED BY DEFAULT AS IDENTITY (
    SEQUENCE NAME public.auth_user_groups_id_seq
    START WITH 1
    INCREMENT BY 1
    NO MINVALUE
    NO MAXVALUE
    CACHE 1
);


--
-- TOC entry 227 (class 1259 OID 17830)
-- Name: auth_user_id_seq; Type: SEQUENCE; Schema: public; Owner: postgres
--

ALTER TABLE public.auth_user ALTER COLUMN id ADD GENERATED BY DEFAULT AS IDENTITY (
    SEQUENCE NAME public.auth_user_id_seq
    START WITH 1
    INCREMENT BY 1
    NO MINVALUE
    NO MAXVALUE
    CACHE 1
);


--
-- TOC entry 232 (class 1259 OID 17845)
-- Name: auth_user_user_permissions; Type: TABLE; Schema: public; Owner: postgres
--

CREATE TABLE public.auth_user_user_permissions (
    id bigint NOT NULL,
    user_id integer NOT NULL,
    permission_id integer NOT NULL
);


ALTER TABLE public.auth_user_user_permissions OWNER TO postgres;

--
-- TOC entry 231 (class 1259 OID 17844)
-- Name: auth_user_user_permissions_id_seq; Type: SEQUENCE; Schema: public; Owner: postgres
--

ALTER TABLE public.auth_user_user_permissions ALTER COLUMN id ADD GENERATED BY DEFAULT AS IDENTITY (
    SEQUENCE NAME public.auth_user_user_permissions_id_seq
    START WITH 1
    INCREMENT BY 1
    NO MINVALUE
    NO MAXVALUE
    CACHE 1
);


--
-- TOC entry 234 (class 1259 OID 17903)
-- Name: django_admin_log; Type: TABLE; Schema: public; Owner: postgres
--

CREATE TABLE public.django_admin_log (
    id integer NOT NULL,
    action_time timestamp with time zone NOT NULL,
    object_id text,
    object_repr character varying(200) NOT NULL,
    action_flag smallint NOT NULL,
    change_message text NOT NULL,
    content_type_id integer,
    user_id integer NOT NULL,
    CONSTRAINT django_admin_log_action_flag_check CHECK ((action_flag >= 0))
);


ALTER TABLE public.django_admin_log OWNER TO postgres;

--
-- TOC entry 233 (class 1259 OID 17902)
-- Name: django_admin_log_id_seq; Type: SEQUENCE; Schema: public; Owner: postgres
--

ALTER TABLE public.django_admin_log ALTER COLUMN id ADD GENERATED BY DEFAULT AS IDENTITY (
    SEQUENCE NAME public.django_admin_log_id_seq
    START WITH 1
    INCREMENT BY 1
    NO MINVALUE
    NO MAXVALUE
    CACHE 1
);


--
-- TOC entry 220 (class 1259 OID 17803)
-- Name: django_content_type; Type: TABLE; Schema: public; Owner: postgres
--

CREATE TABLE public.django_content_type (
    id integer NOT NULL,
    app_label character varying(100) NOT NULL,
    model character varying(100) NOT NULL
);


ALTER TABLE public.django_content_type OWNER TO postgres;

--
-- TOC entry 219 (class 1259 OID 17802)
-- Name: django_content_type_id_seq; Type: SEQUENCE; Schema: public; Owner: postgres
--

ALTER TABLE public.django_content_type ALTER COLUMN id ADD GENERATED BY DEFAULT AS IDENTITY (
    SEQUENCE NAME public.django_content_type_id_seq
    START WITH 1
    INCREMENT BY 1
    NO MINVALUE
    NO MAXVALUE
    CACHE 1
);


--
-- TOC entry 218 (class 1259 OID 17795)
-- Name: django_migrations; Type: TABLE; Schema: public; Owner: postgres
--

CREATE TABLE public.django_migrations (
    id bigint NOT NULL,
    app character varying(255) NOT NULL,
    name character varying(255) NOT NULL,
    applied timestamp with time zone NOT NULL
);


ALTER TABLE public.django_migrations OWNER TO postgres;

--
-- TOC entry 217 (class 1259 OID 17794)
-- Name: django_migrations_id_seq; Type: SEQUENCE; Schema: public; Owner: postgres
--

ALTER TABLE public.django_migrations ALTER COLUMN id ADD GENERATED BY DEFAULT AS IDENTITY (
    SEQUENCE NAME public.django_migrations_id_seq
    START WITH 1
    INCREMENT BY 1
    NO MINVALUE
    NO MAXVALUE
    CACHE 1
);


--
-- TOC entry 235 (class 1259 OID 17931)
-- Name: django_session; Type: TABLE; Schema: public; Owner: postgres
--

CREATE TABLE public.django_session (
    session_key character varying(40) NOT NULL,
    session_data text NOT NULL,
    expire_date timestamp with time zone NOT NULL
);


ALTER TABLE public.django_session OWNER TO postgres;

--
-- TOC entry 5100 (class 0 OID 18002)
-- Dependencies: 250
-- Data for Name: Actividad; Type: TABLE DATA; Schema: public; Owner: postgres
--

INSERT INTO public."Actividad" (id_actividad_historia, id_actividad, nombre, descripcion, activo, fecha_baja, id_docente) VALUES (3, 1, 'Análisis Matemático I', 'Primera materia de cálculo. Se enseñan funciones, límites, derivadas, integrales y series.', true, NULL, 4);
INSERT INTO public."Actividad" (id_actividad_historia, id_actividad, nombre, descripcion, activo, fecha_baja, id_docente) VALUES (4, 1, 'Análisis Matemático I', 'Primera materia de cálculo. Se enseñan funciones, límites, derivadas, integrales y series.', true, NULL, 5);
INSERT INTO public."Actividad" (id_actividad_historia, id_actividad, nombre, descripcion, activo, fecha_baja, id_docente) VALUES (5, 1, 'Análisis Matemático I', 'Primera materia de cálculo. Se enseñan funciones, límites, derivadas, integrales y series.', true, NULL, 6);
INSERT INTO public."Actividad" (id_actividad_historia, id_actividad, nombre, descripcion, activo, fecha_baja, id_docente) VALUES (6, 1, 'Análisis Matemático I', 'Primera materia de cálculo. Se enseñan funciones, límites, derivadas, integrales y series.', true, NULL, 7);
INSERT INTO public."Actividad" (id_actividad_historia, id_actividad, nombre, descripcion, activo, fecha_baja, id_docente) VALUES (7, 1, 'Análisis Matemático I', 'Primera materia de cálculo. Se enseñan funciones, límites, derivadas, integrales y series.', true, NULL, 8);
INSERT INTO public."Actividad" (id_actividad_historia, id_actividad, nombre, descripcion, activo, fecha_baja, id_docente) VALUES (8, 1, 'Análisis Matemático I', 'Primera materia de cálculo. Se enseñan funciones, límites, derivadas, integrales y series.', true, NULL, 9);
INSERT INTO public."Actividad" (id_actividad_historia, id_actividad, nombre, descripcion, activo, fecha_baja, id_docente) VALUES (12, 30, 'Derecho Informático', 'Se enseñan conceptos de derecho informático, propiedad intelectual, protección de datos, etc.', true, NULL, 13);
INSERT INTO public."Actividad" (id_actividad_historia, id_actividad, nombre, descripcion, activo, fecha_baja, id_docente) VALUES (13, 7, 'Análisis Matemático II', 'Segunda materia de cálculo. Se enseñan funciones de varias variables, integrales múltiples, etc.', true, NULL, 14);
INSERT INTO public."Actividad" (id_actividad_historia, id_actividad, nombre, descripcion, activo, fecha_baja, id_docente) VALUES (14, 2, 'Álgebra y Geometría Analítica', 'Se enseñan sistemas de funciones, matrices, determinantes, rectas, planos, transformaciones, subespacios vectoriales y cónicas.', true, NULL, 15);
INSERT INTO public."Actividad" (id_actividad_historia, id_actividad, nombre, descripcion, activo, fecha_baja, id_docente) VALUES (15, 2, 'Álgebra y Geometría Analítica', 'Se enseñan sistemas de funciones, matrices, determinantes, rectas, planos, transformaciones, subespacios vectoriales y cónicas.', true, NULL, 16);
INSERT INTO public."Actividad" (id_actividad_historia, id_actividad, nombre, descripcion, activo, fecha_baja, id_docente) VALUES (16, 3, 'Física I', 'Mecánica clásica. Se enseñan distintos tipos de movimientos, óptica, ondas, etc.', true, NULL, 17);
INSERT INTO public."Actividad" (id_actividad_historia, id_actividad, nombre, descripcion, activo, fecha_baja, id_docente) VALUES (20, 8, 'Física II', 'Electromagnetismo. Se enseñan campos eléctricos y magnéticos, circuitos eléctricos, etc.', true, NULL, 21);


--
-- TOC entry 5094 (class 0 OID 17975)
-- Dependencies: 244
-- Data for Name: Administrador; Type: TABLE DATA; Schema: public; Owner: postgres
--

INSERT INTO public."Administrador" (id_usuario) VALUES ('utn-000001');
INSERT INTO public."Administrador" (id_usuario) VALUES ('utn-000002');
INSERT INTO public."Administrador" (id_usuario) VALUES ('utn-000003');
INSERT INTO public."Administrador" (id_usuario) VALUES ('utn-000004');
INSERT INTO public."Administrador" (id_usuario) VALUES ('utn-000005');


--
-- TOC entry 5087 (class 0 OID 17945)
-- Dependencies: 237
-- Data for Name: Aula; Type: TABLE DATA; Schema: public; Owner: postgres
--

INSERT INTO public."Aula" (nro_aula, capacidad, piso, aire_acondicionado, estado_aula, activo, fecha_baja) VALUES ('Laboratorio 1', 40, 'Tercer Piso', true, 'Habilitado', true, NULL);
INSERT INTO public."Aula" (nro_aula, capacidad, piso, aire_acondicionado, estado_aula, activo, fecha_baja) VALUES ('Laboratorio 2', 35, 'Tercer Piso', true, 'Habilitado', true, NULL);
INSERT INTO public."Aula" (nro_aula, capacidad, piso, aire_acondicionado, estado_aula, activo, fecha_baja) VALUES ('Aula Multimedios 1', 50, 'Segundo Piso', true, 'Habilitado', true, NULL);
INSERT INTO public."Aula" (nro_aula, capacidad, piso, aire_acondicionado, estado_aula, activo, fecha_baja) VALUES ('Aula Multimedios 3', 50, 'Primer Piso', true, 'Habilitado', true, NULL);
INSERT INTO public."Aula" (nro_aula, capacidad, piso, aire_acondicionado, estado_aula, activo, fecha_baja) VALUES ('Aula 17', 60, 'Primer Piso', true, 'Habilitado', true, NULL);
INSERT INTO public."Aula" (nro_aula, capacidad, piso, aire_acondicionado, estado_aula, activo, fecha_baja) VALUES ('Aula 18', 60, 'Segundo Piso', true, 'Habilitado', true, NULL);
INSERT INTO public."Aula" (nro_aula, capacidad, piso, aire_acondicionado, estado_aula, activo, fecha_baja) VALUES ('Museo de Materiales', 60, 'Primer Piso', false, 'Habilitado', true, NULL);
INSERT INTO public."Aula" (nro_aula, capacidad, piso, aire_acondicionado, estado_aula, activo, fecha_baja) VALUES ('Aula Multimedios 2', 70, 'Primer Piso', true, 'Habilitado', true, NULL);


--
-- TOC entry 5096 (class 0 OID 17985)
-- Dependencies: 246
-- Data for Name: AulaInformatica; Type: TABLE DATA; Schema: public; Owner: postgres
--

INSERT INTO public."AulaInformatica" (nro_aula, "cant_PCs", canion) VALUES ('Laboratorio 1', 20, true);
INSERT INTO public."AulaInformatica" (nro_aula, "cant_PCs", canion) VALUES ('Laboratorio 2', 25, false);


--
-- TOC entry 5097 (class 0 OID 17991)
-- Dependencies: 247
-- Data for Name: AulaMultimedio; Type: TABLE DATA; Schema: public; Owner: postgres
--

INSERT INTO public."AulaMultimedio" (nro_aula, televisor, canion, ventilador, computadora) VALUES ('Aula Multimedios 1', true, true, true, false);
INSERT INTO public."AulaMultimedio" (nro_aula, televisor, canion, ventilador, computadora) VALUES ('Aula Multimedios 3', true, true, true, false);
INSERT INTO public."AulaMultimedio" (nro_aula, televisor, canion, ventilador, computadora) VALUES ('Aula Multimedios 2', true, true, true, true);


--
-- TOC entry 5098 (class 0 OID 17996)
-- Dependencies: 248
-- Data for Name: AulaSinRecursosAdicionales; Type: TABLE DATA; Schema: public; Owner: postgres
--

INSERT INTO public."AulaSinRecursosAdicionales" (nro_aula, ventilador) VALUES ('Aula 17', false);
INSERT INTO public."AulaSinRecursosAdicionales" (nro_aula, ventilador) VALUES ('Aula 18', false);
INSERT INTO public."AulaSinRecursosAdicionales" (nro_aula, ventilador) VALUES ('Museo de Materiales', false);


--
-- TOC entry 5095 (class 0 OID 17980)
-- Dependencies: 245
-- Data for Name: Bedel; Type: TABLE DATA; Schema: public; Owner: postgres
--

INSERT INTO public."Bedel" (id_usuario, turno) VALUES ('utn-000006', 'Maniana');
INSERT INTO public."Bedel" (id_usuario, turno) VALUES ('utn-000007', 'Tarde');
INSERT INTO public."Bedel" (id_usuario, turno) VALUES ('utn-000008', 'Noche');
INSERT INTO public."Bedel" (id_usuario, turno) VALUES ('utn-000009', 'Maniana');
INSERT INTO public."Bedel" (id_usuario, turno) VALUES ('utn-000010', 'Tarde');
INSERT INTO public."Bedel" (id_usuario, turno) VALUES ('utn-000011', 'Noche');
INSERT INTO public."Bedel" (id_usuario, turno) VALUES ('utn-000012', 'Maniana');
INSERT INTO public."Bedel" (id_usuario, turno) VALUES ('utn-000013', 'Tarde');
INSERT INTO public."Bedel" (id_usuario, turno) VALUES ('utn-000014', 'Noche');
INSERT INTO public."Bedel" (id_usuario, turno) VALUES ('utn-000015', 'Maniana');
INSERT INTO public."Bedel" (id_usuario, turno) VALUES ('utn-000016', 'Tarde');
INSERT INTO public."Bedel" (id_usuario, turno) VALUES ('utn-000017', 'Tarde');
INSERT INTO public."Bedel" (id_usuario, turno) VALUES ('utn-000018', 'Tarde');
INSERT INTO public."Bedel" (id_usuario, turno) VALUES ('utn-000019', 'Tarde');
INSERT INTO public."Bedel" (id_usuario, turno) VALUES ('utn-000020', 'Tarde');
INSERT INTO public."Bedel" (id_usuario, turno) VALUES ('utn-000021', 'Tarde');
INSERT INTO public."Bedel" (id_usuario, turno) VALUES ('utn-000022', 'Tarde');
INSERT INTO public."Bedel" (id_usuario, turno) VALUES ('utn-000024', 'Tarde');
INSERT INTO public."Bedel" (id_usuario, turno) VALUES ('utn-000025', 'Tarde');
INSERT INTO public."Bedel" (id_usuario, turno) VALUES ('utn-000027', 'Tarde');
INSERT INTO public."Bedel" (id_usuario, turno) VALUES ('utn-000028', 'Maniana');
INSERT INTO public."Bedel" (id_usuario, turno) VALUES ('utn-000029', 'Maniana');
INSERT INTO public."Bedel" (id_usuario, turno) VALUES ('utn-000030', 'Maniana');
INSERT INTO public."Bedel" (id_usuario, turno) VALUES ('utn-000031', 'Maniana');
INSERT INTO public."Bedel" (id_usuario, turno) VALUES ('utn-000032', 'Maniana');
INSERT INTO public."Bedel" (id_usuario, turno) VALUES ('utn-000033', 'Maniana');
INSERT INTO public."Bedel" (id_usuario, turno) VALUES ('utn-000034', 'Maniana');
INSERT INTO public."Bedel" (id_usuario, turno) VALUES ('utn-000035', 'Maniana');
INSERT INTO public."Bedel" (id_usuario, turno) VALUES ('utn-000036', 'Maniana');
INSERT INTO public."Bedel" (id_usuario, turno) VALUES ('utn-000037', 'Tarde');
INSERT INTO public."Bedel" (id_usuario, turno) VALUES ('utn-000038', 'Tarde');
INSERT INTO public."Bedel" (id_usuario, turno) VALUES ('utn-000039', 'Tarde');
INSERT INTO public."Bedel" (id_usuario, turno) VALUES ('utn-000040', 'Tarde');
INSERT INTO public."Bedel" (id_usuario, turno) VALUES ('utn-000041', 'Tarde');
INSERT INTO public."Bedel" (id_usuario, turno) VALUES ('utn-000042', 'Tarde');
INSERT INTO public."Bedel" (id_usuario, turno) VALUES ('utn-000043', 'Tarde');
INSERT INTO public."Bedel" (id_usuario, turno) VALUES ('utn-000044', 'Tarde');
INSERT INTO public."Bedel" (id_usuario, turno) VALUES ('utn-000045', 'Tarde');
INSERT INTO public."Bedel" (id_usuario, turno) VALUES ('utn-000046', 'Tarde');
INSERT INTO public."Bedel" (id_usuario, turno) VALUES ('utn-000047', 'Tarde');
INSERT INTO public."Bedel" (id_usuario, turno) VALUES ('utn-000048', 'Tarde');
INSERT INTO public."Bedel" (id_usuario, turno) VALUES ('utn-000049', 'Tarde');
INSERT INTO public."Bedel" (id_usuario, turno) VALUES ('utn-000050', 'Maniana');
INSERT INTO public."Bedel" (id_usuario, turno) VALUES ('utn-000051', 'Maniana');
INSERT INTO public."Bedel" (id_usuario, turno) VALUES ('utn-000052', 'Maniana');
INSERT INTO public."Bedel" (id_usuario, turno) VALUES ('utn-000053', 'Maniana');
INSERT INTO public."Bedel" (id_usuario, turno) VALUES ('utn-000054', 'Maniana');
INSERT INTO public."Bedel" (id_usuario, turno) VALUES ('utn-000055', 'Maniana');
INSERT INTO public."Bedel" (id_usuario, turno) VALUES ('utn-000056', 'Maniana');
INSERT INTO public."Bedel" (id_usuario, turno) VALUES ('utn-000057', 'Maniana');
INSERT INTO public."Bedel" (id_usuario, turno) VALUES ('utn-000058', 'Noche');
INSERT INTO public."Bedel" (id_usuario, turno) VALUES ('utn-000059', 'Noche');
INSERT INTO public."Bedel" (id_usuario, turno) VALUES ('utn-000060', 'Noche');
INSERT INTO public."Bedel" (id_usuario, turno) VALUES ('utn-000061', 'Noche');
INSERT INTO public."Bedel" (id_usuario, turno) VALUES ('utn-000062', 'Noche');
INSERT INTO public."Bedel" (id_usuario, turno) VALUES ('utn-000063', 'Noche');
INSERT INTO public."Bedel" (id_usuario, turno) VALUES ('utn-000064', 'Noche');
INSERT INTO public."Bedel" (id_usuario, turno) VALUES ('utn-000065', 'Noche');
INSERT INTO public."Bedel" (id_usuario, turno) VALUES ('utn-000066', 'Noche');
INSERT INTO public."Bedel" (id_usuario, turno) VALUES ('utn-000067', 'Noche');
INSERT INTO public."Bedel" (id_usuario, turno) VALUES ('utn-000068', 'Noche');
INSERT INTO public."Bedel" (id_usuario, turno) VALUES ('utn-000069', 'Noche');
INSERT INTO public."Bedel" (id_usuario, turno) VALUES ('utn-000070', 'Noche');
INSERT INTO public."Bedel" (id_usuario, turno) VALUES ('utn-000071', 'Noche');
INSERT INTO public."Bedel" (id_usuario, turno) VALUES ('utn-000072', 'Noche');
INSERT INTO public."Bedel" (id_usuario, turno) VALUES ('utn-000073', 'Noche');
INSERT INTO public."Bedel" (id_usuario, turno) VALUES ('utn-000074', 'Noche');
INSERT INTO public."Bedel" (id_usuario, turno) VALUES ('utn-000075', 'Noche');
INSERT INTO public."Bedel" (id_usuario, turno) VALUES ('utn-000076', 'Noche');
INSERT INTO public."Bedel" (id_usuario, turno) VALUES ('utn-000077', 'Noche');
INSERT INTO public."Bedel" (id_usuario, turno) VALUES ('utn-000078', 'Noche');
INSERT INTO public."Bedel" (id_usuario, turno) VALUES ('utn-000079', 'Noche');
INSERT INTO public."Bedel" (id_usuario, turno) VALUES ('utn-000080', 'Noche');
INSERT INTO public."Bedel" (id_usuario, turno) VALUES ('utn-000081', 'Noche');
INSERT INTO public."Bedel" (id_usuario, turno) VALUES ('utn-000082', 'Noche');
INSERT INTO public."Bedel" (id_usuario, turno) VALUES ('utn-000083', 'Noche');
INSERT INTO public."Bedel" (id_usuario, turno) VALUES ('utn-000084', 'Noche');
INSERT INTO public."Bedel" (id_usuario, turno) VALUES ('utn-000085', 'Maniana');
INSERT INTO public."Bedel" (id_usuario, turno) VALUES ('utn-000086', 'Maniana');
INSERT INTO public."Bedel" (id_usuario, turno) VALUES ('utn-000087', 'Maniana');
INSERT INTO public."Bedel" (id_usuario, turno) VALUES ('utn-000088', 'Maniana');
INSERT INTO public."Bedel" (id_usuario, turno) VALUES ('utn-000089', 'Maniana');
INSERT INTO public."Bedel" (id_usuario, turno) VALUES ('utn-000090', 'Maniana');
INSERT INTO public."Bedel" (id_usuario, turno) VALUES ('utn-000091', 'Maniana');
INSERT INTO public."Bedel" (id_usuario, turno) VALUES ('utn-000092', 'Maniana');
INSERT INTO public."Bedel" (id_usuario, turno) VALUES ('utn-000093', 'Maniana');
INSERT INTO public."Bedel" (id_usuario, turno) VALUES ('utn-000094', 'Maniana');
INSERT INTO public."Bedel" (id_usuario, turno) VALUES ('utn-000095', 'Maniana');
INSERT INTO public."Bedel" (id_usuario, turno) VALUES ('utn-000096', 'Maniana');
INSERT INTO public."Bedel" (id_usuario, turno) VALUES ('utn-000097', 'Tarde');
INSERT INTO public."Bedel" (id_usuario, turno) VALUES ('utn-000098', 'Noche');
INSERT INTO public."Bedel" (id_usuario, turno) VALUES ('utn-000099', 'Maniana');
INSERT INTO public."Bedel" (id_usuario, turno) VALUES ('utn-000100', 'Tarde');
INSERT INTO public."Bedel" (id_usuario, turno) VALUES ('utn-000101', 'Tarde');


--
-- TOC entry 5089 (class 0 OID 17952)
-- Dependencies: 239
-- Data for Name: Docente; Type: TABLE DATA; Schema: public; Owner: postgres
--

INSERT INTO public."Docente" (id_docente_historia, id_docente, nombre, apellido, correo_contacto, activo, fecha_baja) VALUES (1, 1, 'Olga', 'Scagnetti', 'oscagnetti@frsf.utn.edu.ar', true, NULL);
INSERT INTO public."Docente" (id_docente_historia, id_docente, nombre, apellido, correo_contacto, activo, fecha_baja) VALUES (2, 1, 'Olga', 'Scagnetti', 'oscagnetti@frsf.utn.edu.ar', true, NULL);
INSERT INTO public."Docente" (id_docente_historia, id_docente, nombre, apellido, correo_contacto, activo, fecha_baja) VALUES (3, 1, 'Olga', 'Scagnetti', 'oscagnetti@frsf.utn.edu.ar', true, NULL);
INSERT INTO public."Docente" (id_docente_historia, id_docente, nombre, apellido, correo_contacto, activo, fecha_baja) VALUES (4, 1, 'Olga', 'Scagnetti', 'oscagnetti@frsf.utn.edu.ar', true, NULL);
INSERT INTO public."Docente" (id_docente_historia, id_docente, nombre, apellido, correo_contacto, activo, fecha_baja) VALUES (5, 1, 'Olga', 'Scagnetti', 'oscagnetti@frsf.utn.edu.ar', true, NULL);
INSERT INTO public."Docente" (id_docente_historia, id_docente, nombre, apellido, correo_contacto, activo, fecha_baja) VALUES (6, 1, 'Olga', 'Scagnetti', 'oscagnetti@frsf.utn.edu.ar', true, NULL);
INSERT INTO public."Docente" (id_docente_historia, id_docente, nombre, apellido, correo_contacto, activo, fecha_baja) VALUES (7, 1, 'Olga', 'Scagnetti', 'oscagnetti@frsf.utn.edu.ar', true, NULL);
INSERT INTO public."Docente" (id_docente_historia, id_docente, nombre, apellido, correo_contacto, activo, fecha_baja) VALUES (8, 1, 'Olga', 'Scagnetti', 'oscagnetti@frsf.utn.edu.ar', true, NULL);
INSERT INTO public."Docente" (id_docente_historia, id_docente, nombre, apellido, correo_contacto, activo, fecha_baja) VALUES (9, 1, 'Olga', 'Scagnetti', 'oscagnetti@frsf.utn.edu.ar', true, NULL);
INSERT INTO public."Docente" (id_docente_historia, id_docente, nombre, apellido, correo_contacto, activo, fecha_baja) VALUES (13, 19, 'Jorge', 'Romero', 'jromero@frsf.utn.edu.ar', true, NULL);
INSERT INTO public."Docente" (id_docente_historia, id_docente, nombre, apellido, correo_contacto, activo, fecha_baja) VALUES (14, 1, 'Olga', 'Scagnetti', 'oscagnetti@frsf.utn.edu.ar', true, NULL);
INSERT INTO public."Docente" (id_docente_historia, id_docente, nombre, apellido, correo_contacto, activo, fecha_baja) VALUES (15, 3, 'Fabio', 'Dlugovitzky', 'fduglovi@frsf.utn.edu.ar', true, NULL);
INSERT INTO public."Docente" (id_docente_historia, id_docente, nombre, apellido, correo_contacto, activo, fecha_baja) VALUES (16, 4, 'Francisco', 'Budini', 'fgbudini@frsf.utn.edu.ar', true, NULL);
INSERT INTO public."Docente" (id_docente_historia, id_docente, nombre, apellido, correo_contacto, activo, fecha_baja) VALUES (17, 5, 'Claudio', 'Enrique', 'cenrique@frsf.utn.edu.ar', true, NULL);
INSERT INTO public."Docente" (id_docente_historia, id_docente, nombre, apellido, correo_contacto, activo, fecha_baja) VALUES (21, 1, 'Olga', 'Scagnetti', 'oscagnetti@frsf.utn.edu.ar', true, NULL);


--
-- TOC entry 5091 (class 0 OID 17958)
-- Dependencies: 241
-- Data for Name: Periodo; Type: TABLE DATA; Schema: public; Owner: postgres
--

INSERT INTO public."Periodo" (id_periodo, tipo, anio, fecha_inicio, fecha_fin, activo, fecha_baja) VALUES (1, 'Anual', 2024, '2024-03-11', '2024-11-29', true, NULL);
INSERT INTO public."Periodo" (id_periodo, tipo, anio, fecha_inicio, fecha_fin, activo, fecha_baja) VALUES (2, 'Primer Cuatrimestre', 2024, '2024-03-11', '2024-07-05', true, NULL);
INSERT INTO public."Periodo" (id_periodo, tipo, anio, fecha_inicio, fecha_fin, activo, fecha_baja) VALUES (3, 'Segundo Cuatrimestre', 2024, '2024-08-06', '2024-11-29', true, NULL);
INSERT INTO public."Periodo" (id_periodo, tipo, anio, fecha_inicio, fecha_fin, activo, fecha_baja) VALUES (4, 'Primer Cuatrimestre', 2025, '2025-03-10', '2025-07-04', true, NULL);
INSERT INTO public."Periodo" (id_periodo, tipo, anio, fecha_inicio, fecha_fin, activo, fecha_baja) VALUES (5, 'Segundo Cuatrimestre', 2025, '2025-08-05', '2025-11-28', true, NULL);
INSERT INTO public."Periodo" (id_periodo, tipo, anio, fecha_inicio, fecha_fin, activo, fecha_baja) VALUES (6, 'Anual', 2025, '2025-03-10', '2025-11-28', true, NULL);


--
-- TOC entry 5102 (class 0 OID 18008)
-- Dependencies: 252
-- Data for Name: Reserva; Type: TABLE DATA; Schema: public; Owner: postgres
--

INSERT INTO public."Reserva" (id_reserva, cantidad_alumnos, fecha_solicitud, tipo, activo, fecha_baja, id_actividad, id_periodo, id_bedel) VALUES (10, 10, '2024-12-11', 'Esporadica', true, NULL, 12, NULL, 'utn-000010');
INSERT INTO public."Reserva" (id_reserva, cantidad_alumnos, fecha_solicitud, tipo, activo, fecha_baja, id_actividad, id_periodo, id_bedel) VALUES (11, 40, '2024-12-15', 'Periodica', true, NULL, 13, 4, 'utn-000010');
INSERT INTO public."Reserva" (id_reserva, cantidad_alumnos, fecha_solicitud, tipo, activo, fecha_baja, id_actividad, id_periodo, id_bedel) VALUES (12, 40, '2024-12-15', 'Esporadica', true, NULL, 14, NULL, 'utn-000010');
INSERT INTO public."Reserva" (id_reserva, cantidad_alumnos, fecha_solicitud, tipo, activo, fecha_baja, id_actividad, id_periodo, id_bedel) VALUES (13, 40, '2024-12-15', 'Periodica', true, NULL, 15, 4, 'utn-000010');
INSERT INTO public."Reserva" (id_reserva, cantidad_alumnos, fecha_solicitud, tipo, activo, fecha_baja, id_actividad, id_periodo, id_bedel) VALUES (14, 60, '2024-12-15', 'Esporadica', true, NULL, 16, NULL, 'utn-000010');
INSERT INTO public."Reserva" (id_reserva, cantidad_alumnos, fecha_solicitud, tipo, activo, fecha_baja, id_actividad, id_periodo, id_bedel) VALUES (18, 30, '2024-12-16', 'Periodica', true, NULL, 20, 4, 'utn-000010');


--
-- TOC entry 5104 (class 0 OID 18015)
-- Dependencies: 254
-- Data for Name: Reservacion; Type: TABLE DATA; Schema: public; Owner: postgres
--

INSERT INTO public."Reservacion" (id_reservacion, fecha, duracion, dia, hora_inicio, activo, fecha_baja, id_reserva, nro_aula) VALUES (10, '2024-12-12', 120, 'Jueves', '12:00:00', true, NULL, 10, 'Aula Multimedios 1');
INSERT INTO public."Reservacion" (id_reservacion, fecha, duracion, dia, hora_inicio, activo, fecha_baja, id_reserva, nro_aula) VALUES (11, '2025-03-10', 120, 'Lunes', '12:00:00', true, NULL, 11, 'Laboratorio 1');
INSERT INTO public."Reservacion" (id_reservacion, fecha, duracion, dia, hora_inicio, activo, fecha_baja, id_reserva, nro_aula) VALUES (12, '2025-03-10', 180, 'Lunes', '12:00:00', true, NULL, 12, 'Aula 17');
INSERT INTO public."Reservacion" (id_reservacion, fecha, duracion, dia, hora_inicio, activo, fecha_baja, id_reserva, nro_aula) VALUES (13, '2025-03-10', 90, 'Lunes', '13:30:00', true, NULL, 13, 'Aula 18');
INSERT INTO public."Reservacion" (id_reservacion, fecha, duracion, dia, hora_inicio, activo, fecha_baja, id_reserva, nro_aula) VALUES (14, '2025-03-10', 180, 'Lunes', '11:00:00', true, NULL, 14, 'Museo de Materiales');
INSERT INTO public."Reservacion" (id_reservacion, fecha, duracion, dia, hora_inicio, activo, fecha_baja, id_reserva, nro_aula) VALUES (22, '2025-03-10', 120, 'Lunes', '12:30:00', true, NULL, 18, 'Laboratorio 2');
INSERT INTO public."Reservacion" (id_reservacion, fecha, duracion, dia, hora_inicio, activo, fecha_baja, id_reserva, nro_aula) VALUES (23, '2025-03-17', 120, 'Lunes', '12:30:00', true, NULL, 18, 'Laboratorio 1');


--
-- TOC entry 5105 (class 0 OID 18021)
-- Dependencies: 255
-- Data for Name: Tiene; Type: TABLE DATA; Schema: public; Owner: postgres
--



--
-- TOC entry 5093 (class 0 OID 17970)
-- Dependencies: 243
-- Data for Name: TipoPizarron; Type: TABLE DATA; Schema: public; Owner: postgres
--

INSERT INTO public."TipoPizarron" (id_tipo_pizarron, nombre, descripcion, activo, fecha_baja) VALUES (1, 'Pizarrón Blanco', 'Pizarrón blanco para usar con tinta', true, NULL);
INSERT INTO public."TipoPizarron" (id_tipo_pizarron, nombre, descripcion, activo, fecha_baja) VALUES (2, 'Pizarrón Verde', 'Pizarrón para usar con tiza', true, NULL);


--
-- TOC entry 5086 (class 0 OID 17940)
-- Dependencies: 236
-- Data for Name: Usuario; Type: TABLE DATA; Schema: public; Owner: postgres
--

INSERT INTO public."Usuario" (id_usuario, contrasenia, nombre, apellido, activo, fecha_baja) VALUES ('utn-000001', '\x24326224313224467077364535775356794c496b753235316f4a316d753238625a73684e6841514e485454662e517837714e484c7658554c75357757', 'Arvin', 'Scofield', true, NULL);
INSERT INTO public."Usuario" (id_usuario, contrasenia, nombre, apellido, activo, fecha_baja) VALUES ('utn-000002', '\x24326224313224752e5452634438674d664b7739672e446d787136534f584461514e6e7263624f64566f37636f307567757669526c37664a764c6e6d', 'Cort', 'Nuzzi', true, NULL);
INSERT INTO public."Usuario" (id_usuario, contrasenia, nombre, apellido, activo, fecha_baja) VALUES ('utn-000003', '\x243262243132244a576d577274684e6d5877796364695a744d70627a653079717766665771633852656f2f7a466672514f364e5577616f666b50354b', 'Ebba', 'Hamby', true, NULL);
INSERT INTO public."Usuario" (id_usuario, contrasenia, nombre, apellido, activo, fecha_baja) VALUES ('utn-000004', '\x243262243132245347696b35775430536269764b3937494244672f484f67417730675a776a356e46386335396468326b4f38636f354d524663454475', 'Scarlet', 'McGrah', true, NULL);
INSERT INTO public."Usuario" (id_usuario, contrasenia, nombre, apellido, activo, fecha_baja) VALUES ('utn-000005', '\x2432622431322476573048326a42436a52733676677734724a467647654234453575585a6d756353537575616c327867322f77514b4f5138422f6a4b', 'Andreas', 'Rayworth', true, NULL);
INSERT INTO public."Usuario" (id_usuario, contrasenia, nombre, apellido, activo, fecha_baja) VALUES ('utn-000006', '\x2432622431322452616956576d343067494b4d52585a594c3338566c65564a437073324258633076796b68597a535a416653763646614b75614c502e', 'Melina', 'Denver', true, NULL);
INSERT INTO public."Usuario" (id_usuario, contrasenia, nombre, apellido, activo, fecha_baja) VALUES ('utn-000007', '\x24326224313224694f707651533853314551627a7661547a2e7a51754f624a54377661747a6544537462786f744f4859616676326a78557342627369', 'Vernen', 'Abramino', true, NULL);
INSERT INTO public."Usuario" (id_usuario, contrasenia, nombre, apellido, activo, fecha_baja) VALUES ('utn-000008', '\x243262243132244e5a7a5152336f4f37684557736d70784f664d4648755038546f2f4e52594f646647546159614655694c7769625a5676637844592e', 'Sebastiano', 'McMyler', true, NULL);
INSERT INTO public."Usuario" (id_usuario, contrasenia, nombre, apellido, activo, fecha_baja) VALUES ('utn-000009', '\x243262243132244435786e41332f2f4a5a65326d4d706a7530436b576545342e333369716f584b6b4278626c347a486e59672f462e4b766e37337961', 'Sofia', 'Lamburn', true, NULL);
INSERT INTO public."Usuario" (id_usuario, contrasenia, nombre, apellido, activo, fecha_baja) VALUES ('utn-000010', '\x24326224313224664645656c4d567a64374a456d6d507362553361534f48776e3039436a62656e6b64794b386e674236656131464478716f597a6e79', 'Elonore', 'McBryde', true, NULL);
INSERT INTO public."Usuario" (id_usuario, contrasenia, nombre, apellido, activo, fecha_baja) VALUES ('utn-000011', '\x243262243132244d39574d4d70322f594a6d6e3437394550574242694f504635796761744351336350737146465a6b48337467324c75383279456947', 'Rosmunda', 'Bahl', true, NULL);
INSERT INTO public."Usuario" (id_usuario, contrasenia, nombre, apellido, activo, fecha_baja) VALUES ('utn-000012', '\x24326224313224555643567a5171735a5157614e53566d6b456c3775656e76545151486a596e655a7375696434654b322f625a7a6d592e7233344347', 'Tiffie', 'Nurse', true, NULL);
INSERT INTO public."Usuario" (id_usuario, contrasenia, nombre, apellido, activo, fecha_baja) VALUES ('utn-000013', '\x243262243132246d503142373146712f55576b72536138673269514b75717a516e6951306939446a70684e6c59763333506d41327a73725333324736', 'Sibyl', 'Pawel', true, NULL);
INSERT INTO public."Usuario" (id_usuario, contrasenia, nombre, apellido, activo, fecha_baja) VALUES ('utn-000014', '\x2432622431322478433731436d70646f2e6b666e4d4a6a624a5244542e76467850492e564f58483354576c374568766f776a4863536b6a626e476975', 'Win', 'Zeal', true, NULL);
INSERT INTO public."Usuario" (id_usuario, contrasenia, nombre, apellido, activo, fecha_baja) VALUES ('utn-000015', '\x243262243132244e6c33466d4548586e79746a324d456a4c506d734d65364b2f2f6261743165634f71734d2f4834422f6c6a744a7a42505048476b79', 'Magdalen', 'Judkin', true, NULL);
INSERT INTO public."Usuario" (id_usuario, contrasenia, nombre, apellido, activo, fecha_baja) VALUES ('utn-000016', '\x24326224313224707a4133654c3273626a5152574953594350334a744f2e787235332e756d6973676747476779645756614f5848537a693436686571', 'Chan', 'Jellis', true, NULL);
INSERT INTO public."Usuario" (id_usuario, contrasenia, nombre, apellido, activo, fecha_baja) VALUES ('utn-000017', '\x243262243132244956686e30526f3332793245337a4a2f3467446e564f624e7a4e33414c3831316c506f334d7a55326453356c5a47546c4d63736253', 'Herb', 'Rex', true, NULL);
INSERT INTO public."Usuario" (id_usuario, contrasenia, nombre, apellido, activo, fecha_baja) VALUES ('utn-000018', '\x243262243132246d486d72425244574955316c474278414549567053755079514e4a4a4d346171414d68353555727749456d4c5542797279756e7679', 'Tiffany', 'Verrell', true, NULL);
INSERT INTO public."Usuario" (id_usuario, contrasenia, nombre, apellido, activo, fecha_baja) VALUES ('utn-000019', '\x243262243132246d5633367179374c764f5244634977422e6e3775717574344f576a6739376e4b2f716e794334743331615032627473354a50576f53', 'Ines', 'Tinson', true, NULL);
INSERT INTO public."Usuario" (id_usuario, contrasenia, nombre, apellido, activo, fecha_baja) VALUES ('utn-000020', '\x24326224313224364d6b37336b6b762f736e67547a70797876736d65653943736c6e67597463366a5a5a434c696d6d4b677565365767356955567571', 'Keen', 'Howitt', true, NULL);
INSERT INTO public."Usuario" (id_usuario, contrasenia, nombre, apellido, activo, fecha_baja) VALUES ('utn-000021', '\x24326224313224326355716133667763337473654d7146537a62766a65763276686a646e4761496b52453449636f4b2e73453978724250504a6b7879', 'Krystle', 'Lehrer', true, NULL);
INSERT INTO public."Usuario" (id_usuario, contrasenia, nombre, apellido, activo, fecha_baja) VALUES ('utn-000022', '\x2432622431322442356b4a596c694e7842765a664a704e6639696461756c624a67593130656742676171753865476f395549453434704f4c4a697653', 'Abbey', 'Agett', true, NULL);
INSERT INTO public."Usuario" (id_usuario, contrasenia, nombre, apellido, activo, fecha_baja) VALUES ('utn-000023', '\x2432622431322442734a366f334b416556617068343164387a59464f2e4a684e66747a4d6c7a6c6e525768546f4f447963715157363461654875574f', 'Pembroke', 'Alyonov', true, NULL);
INSERT INTO public."Usuario" (id_usuario, contrasenia, nombre, apellido, activo, fecha_baja) VALUES ('utn-000024', '\x2432622431322468736945346e566259375735504f58462e6d777058654b726d78655737466e655a3369504a707278494d5255436968494563474c53', 'Gradeigh', 'Cestard', true, NULL);
INSERT INTO public."Usuario" (id_usuario, contrasenia, nombre, apellido, activo, fecha_baja) VALUES ('utn-000025', '\x24326224313224616c2f4c61776d774270594132357466794579633775757263386376376b625142516c7645446c71594642637471453457546b6d32', 'Fin', 'Revan', true, NULL);
INSERT INTO public."Usuario" (id_usuario, contrasenia, nombre, apellido, activo, fecha_baja) VALUES ('utn-000026', '\x243262243132246433444d69766538364c4950427a4b5053315963334f5158555473356e70563279496c794c4853496b6666746941505652484c554b', 'Blanch', 'Beades', true, NULL);
INSERT INTO public."Usuario" (id_usuario, contrasenia, nombre, apellido, activo, fecha_baja) VALUES ('utn-000027', '\x243262243132244c50394b35383955436b615a61685154503555302e4f53777147576355674a66706546786e3068326e6430785477645075704d354b', 'Herve', 'Saynor', true, NULL);
INSERT INTO public."Usuario" (id_usuario, contrasenia, nombre, apellido, activo, fecha_baja) VALUES ('utn-000028', '\x2432622431322438507164784b555934446271685630694e595670554f37687154373963325137465a4d7842316c4b63544648544d7a7264466c4e53', 'Gaile', 'Chantler', true, NULL);
INSERT INTO public."Usuario" (id_usuario, contrasenia, nombre, apellido, activo, fecha_baja) VALUES ('utn-000029', '\x243262243132247059737556302f6767797365763668673759506b612e34674f6f4d76586f2e30766566777a4678394568514f426732397879664943', 'Kessiah', 'Gaymer', true, NULL);
INSERT INTO public."Usuario" (id_usuario, contrasenia, nombre, apellido, activo, fecha_baja) VALUES ('utn-000030', '\x2432622431322436775538594b356830525958566c726e50456a302e75613669626359566e6162736c77703976336e33654e4d4c3956754a724a5579', 'Gordan', 'Gamble', true, NULL);
INSERT INTO public."Usuario" (id_usuario, contrasenia, nombre, apellido, activo, fecha_baja) VALUES ('utn-000031', '\x24326224313224472e3173776a757057565a754c376c5353344e79527555516e49447178766c612e4d546231722f61445234325747454456554d4d47', 'Neill', 'Gillard', true, NULL);
INSERT INTO public."Usuario" (id_usuario, contrasenia, nombre, apellido, activo, fecha_baja) VALUES ('utn-000032', '\x243262243132246c69676d5a61454b7a3942427758446641304676722e79734e34362f3973684653724745324f6754334b5146706453533567686643', 'Clovis', 'Shankle', true, NULL);
INSERT INTO public."Usuario" (id_usuario, contrasenia, nombre, apellido, activo, fecha_baja) VALUES ('utn-000033', '\x24326224313224354a59505142546f45675752427338577a5063733375374e534a6a4957316b6858445071654e54526e53616e7442462f6167423169', 'Alvira', 'Sympson', true, NULL);
INSERT INTO public."Usuario" (id_usuario, contrasenia, nombre, apellido, activo, fecha_baja) VALUES ('utn-000034', '\x2432622431322456576d5a333572466c713077394c56303364596e422e4e7a76596347754277443969654e7130367563486e7548357038685579616d', 'Lonni', 'Hugle', true, NULL);
INSERT INTO public."Usuario" (id_usuario, contrasenia, nombre, apellido, activo, fecha_baja) VALUES ('utn-000035', '\x24326224313224676b684651786273484350784c304935486b6754332e575774432f57796c494d4f554954356235664f666b6d446c676d2e764f3661', 'Ambrosius', 'Trenholm', true, NULL);
INSERT INTO public."Usuario" (id_usuario, contrasenia, nombre, apellido, activo, fecha_baja) VALUES ('utn-000036', '\x2432622431322458576177482e75375a624a364f39735a584f6c754e7542396a39785248577462426f2f77694a315934515271727a4b653571435a32', 'Odella', 'Bhar', true, NULL);
INSERT INTO public."Usuario" (id_usuario, contrasenia, nombre, apellido, activo, fecha_baja) VALUES ('utn-000037', '\x24326224313224784e6531314e35654245493359364d626a307642767544613344464f7a437850493966414e484f5667496c32543335756151775369', 'Hasheem', 'Hylands', true, NULL);
INSERT INTO public."Usuario" (id_usuario, contrasenia, nombre, apellido, activo, fecha_baja) VALUES ('utn-000038', '\x243262243132244c4c79683555364375684761592f75457442432f3065692e4f39596a64365945722f72706d7872366a586649686544617171627a69', 'Nicoline', 'Harrhy', true, NULL);
INSERT INTO public."Usuario" (id_usuario, contrasenia, nombre, apellido, activo, fecha_baja) VALUES ('utn-000039', '\x24326224313224517632724258623077366e464278554a43512e4f4c4f6c53496c394a794d65304639776842422e7278544d56656e35432e5956622e', 'Dmitri', 'Brimming', true, NULL);
INSERT INTO public."Usuario" (id_usuario, contrasenia, nombre, apellido, activo, fecha_baja) VALUES ('utn-000040', '\x243262243132242f7752494e7150724b4538326f7944625942426c2e2e7979444b567241626675544d58615a426953585454623965306d6e79314f71', 'Poppy', 'Lehrer', true, NULL);
INSERT INTO public."Usuario" (id_usuario, contrasenia, nombre, apellido, activo, fecha_baja) VALUES ('utn-000041', '\x24326224313224355574666f504e2e6e58486f5538457a45315051642e6b433843384355612e4c325737776c37795849584e2e7a636d567234496e32', 'Christabel', 'Zebedee', true, NULL);
INSERT INTO public."Usuario" (id_usuario, contrasenia, nombre, apellido, activo, fecha_baja) VALUES ('utn-000042', '\x243262243132246e4d6b7469784e64554371364c724a6d55364936732e794b614d75706f69585a4b45564b4f78725a7a5a4a74484f53447a38564743', 'Orelia', 'Brass', true, NULL);
INSERT INTO public."Usuario" (id_usuario, contrasenia, nombre, apellido, activo, fecha_baja) VALUES ('utn-000043', '\x243262243132244e5833626a4145333143397977467163436379513175585a3454717a3645674d6e44327537433877366b3761612e514c706c47694f', 'Moore', 'Normanvell', true, NULL);
INSERT INTO public."Usuario" (id_usuario, contrasenia, nombre, apellido, activo, fecha_baja) VALUES ('utn-000044', '\x24326224313224793459645a6850786c632e795a4868664c7a59484f2e6468644161785a664a596e483759612f34302e683352685065452f315a7565', 'Simonette', 'Spratley', true, NULL);
INSERT INTO public."Usuario" (id_usuario, contrasenia, nombre, apellido, activo, fecha_baja) VALUES ('utn-000045', '\x2432622431322437724276776661464e37684b4e4e3133634133416c75667861566855714f7a693832626e317a6948494875562f5a6d4d467970544b', 'Devi', 'De Banke', true, NULL);
INSERT INTO public."Usuario" (id_usuario, contrasenia, nombre, apellido, activo, fecha_baja) VALUES ('utn-000046', '\x243262243132246e724447685347596532306a474154724a377349712e7367645848364378555777624d422e5041706d2e75324d4354384576586a71', 'Sascha', 'Biswell', true, NULL);
INSERT INTO public."Usuario" (id_usuario, contrasenia, nombre, apellido, activo, fecha_baja) VALUES ('utn-000047', '\x243262243132245775314567504265736876754178427545557a4a436532774d765874442f622f7779424e6461333341716e326c6e36597956487861', 'Rivkah', 'Grealish', true, NULL);
INSERT INTO public."Usuario" (id_usuario, contrasenia, nombre, apellido, activo, fecha_baja) VALUES ('utn-000048', '\x24326224313224634757506f7a2f58614435465168344143616d2e4b4f715165654f6d6978635165616b7141726e476d4d34695445662e6f30686c4f', 'Hildegaard', 'Gossart', true, NULL);
INSERT INTO public."Usuario" (id_usuario, contrasenia, nombre, apellido, activo, fecha_baja) VALUES ('utn-000049', '\x2432622431322452746c4b6e393250346d7a50306941496a463969544f3668477377475761714d2f532e337357446d4d5456455368776f596c795753', 'Shawn', 'Ferier', true, NULL);
INSERT INTO public."Usuario" (id_usuario, contrasenia, nombre, apellido, activo, fecha_baja) VALUES ('utn-000050', '\x2432622431322466594f33457a766a65392e4b664934416e65596b6b75636c754873555272495470543736743668366455486a2e34474d7263626b6d', 'Creight', 'Duigenan', true, NULL);
INSERT INTO public."Usuario" (id_usuario, contrasenia, nombre, apellido, activo, fecha_baja) VALUES ('utn-000051', '\x24326224313224397958385079597171324474556e7a6951316a305865616650797869416759655a30465474485849515644476d2f564645626e3643', 'Chaunce', 'Sheddan', true, NULL);
INSERT INTO public."Usuario" (id_usuario, contrasenia, nombre, apellido, activo, fecha_baja) VALUES ('utn-000052', '\x24326224313224636d2e715547496258396c4d43506a63596d37467a4f522e53727a676e2e504754617933706277624c667863616f6e6b4b4d436b43', 'Aloisia', 'Besset', true, NULL);
INSERT INTO public."Usuario" (id_usuario, contrasenia, nombre, apellido, activo, fecha_baja) VALUES ('utn-000053', '\x24326224313224367a6d6c44714e2e5a3432793441686a6133776431653963456a646d4b68747632626f4e48503657764672614e652f6b4b622e4e4b', 'Celia', 'Chaundy', true, NULL);
INSERT INTO public."Usuario" (id_usuario, contrasenia, nombre, apellido, activo, fecha_baja) VALUES ('utn-000054', '\x243262243132246854316d414e39544671787a42726b5472676a68496544574d4d7a5053734253342e5371504d54676a6f335933484438797a4f2f65', 'Lamont', 'Guiel', true, NULL);
INSERT INTO public."Usuario" (id_usuario, contrasenia, nombre, apellido, activo, fecha_baja) VALUES ('utn-000055', '\x24326224313224737a496870496a536958424776664e30514f4e4459657251484a6c7051426f502f51647a686830515a377646723445486465435469', 'Maje', 'Bountiff', true, NULL);
INSERT INTO public."Usuario" (id_usuario, contrasenia, nombre, apellido, activo, fecha_baja) VALUES ('utn-000056', '\x2432622431322479646f58696341454e456779753750684f6c666c50655149704a6478544c70753430767449657a5278677a734a4c306d794a744c57', 'Patric', 'Boner', true, NULL);
INSERT INTO public."Usuario" (id_usuario, contrasenia, nombre, apellido, activo, fecha_baja) VALUES ('utn-000057', '\x243262243132244a737439377a742f654d745933333169777172647065793377384e3858366e6e2e58775732774a44704e53367245762f3542447743', 'Vasili', 'Catling', true, NULL);
INSERT INTO public."Usuario" (id_usuario, contrasenia, nombre, apellido, activo, fecha_baja) VALUES ('utn-000058', '\x24326224313224454a6374685768376b6e4a4f75596a4c4b2f4244474f676c6558515170476f2e7444496b414b6e4942626d382e6a6f54435a43354f', 'Caria', 'Barkhouse', true, NULL);
INSERT INTO public."Usuario" (id_usuario, contrasenia, nombre, apellido, activo, fecha_baja) VALUES ('utn-000059', '\x24326224313224484c7a456c5036624d6f64374b4f5977572f6432716550352f6236766455434c65356b5338314d6b334d6d426e4d53737531356d65', 'Leda', 'Lansbury', true, NULL);
INSERT INTO public."Usuario" (id_usuario, contrasenia, nombre, apellido, activo, fecha_baja) VALUES ('utn-000060', '\x24326224313224496132593579544c58632e2f4744596456326d55594f5244662e4c5a623476655330784e75586b746f3149384c7848524b2f574165', 'Bendicty', 'Guiver', true, NULL);
INSERT INTO public."Usuario" (id_usuario, contrasenia, nombre, apellido, activo, fecha_baja) VALUES ('utn-000061', '\x243262243132246b45536c66454d2f516d4b622e5952507638346c764f54567751415a5276342f335369793457475352753663552f3435474356304f', 'Stuart', 'Mugleston', true, NULL);
INSERT INTO public."Usuario" (id_usuario, contrasenia, nombre, apellido, activo, fecha_baja) VALUES ('utn-000062', '\x24326224313224314f6158644430546830302f37324e53386d434a32755430784f636c386739312e4b744a50303132566d796b772e767255756c6465', 'Babbie', 'Giuroni', true, NULL);
INSERT INTO public."Usuario" (id_usuario, contrasenia, nombre, apellido, activo, fecha_baja) VALUES ('utn-000063', '\x243262243132246e6335784b515a304c744537424673526b6d6c435075686945307a6d53593458456430504f5a4a5137474f70657131766250775865', 'Joella', 'MacGahey', true, NULL);
INSERT INTO public."Usuario" (id_usuario, contrasenia, nombre, apellido, activo, fecha_baja) VALUES ('utn-000064', '\x2432622431322444306d5932446862632f4d542e66666f534b74736f753933586d59367448314b53756f6854343962334b5a4237624b775a734b6d61', 'Justinian', 'Pina', true, NULL);
INSERT INTO public."Usuario" (id_usuario, contrasenia, nombre, apellido, activo, fecha_baja) VALUES ('utn-000065', '\x24326224313224387236415872376166336968346672345a52494f4f7555484f55694a78704e5473483363504b72672f394e5755327430553753744b', 'Chaddy', 'Watkins', true, NULL);
INSERT INTO public."Usuario" (id_usuario, contrasenia, nombre, apellido, activo, fecha_baja) VALUES ('utn-000066', '\x243262243132242e77564e694147516661656e5347316e654a53546d2e39726d547778753935746e6d687a737a7972577964443677455a5a6c765832', 'Maurits', 'Tiplady', true, NULL);
INSERT INTO public."Usuario" (id_usuario, contrasenia, nombre, apellido, activo, fecha_baja) VALUES ('utn-000067', '\x243262243132246554506e51463265317a6375666239476b715342332e36696539577a322e637a66416d32514d552e4f673272696236643549415843', 'Beverly', 'Forsdicke', true, NULL);
INSERT INTO public."Usuario" (id_usuario, contrasenia, nombre, apellido, activo, fecha_baja) VALUES ('utn-000068', '\x2432622431322454715265724c413077422f3434344a395736655a754f45396c334e4470742f664f48614d61526164674a7534544d4c6d4f31334179', 'Evita', 'Petrolli', true, NULL);
INSERT INTO public."Usuario" (id_usuario, contrasenia, nombre, apellido, activo, fecha_baja) VALUES ('utn-000069', '\x24326224313224586e6f487a6636756a4b57566a544c792e666e69506565545154427354434749362f437544424561616f363457573262354338706d', 'Willard', 'Medina', true, NULL);
INSERT INTO public."Usuario" (id_usuario, contrasenia, nombre, apellido, activo, fecha_baja) VALUES ('utn-000070', '\x24326224313224784c2f617041327a70314b454958596c746d6a415a4f7962755556343252666531444a69752e50776968536d6169557253314e6761', 'Rog', 'Sebring', true, NULL);
INSERT INTO public."Usuario" (id_usuario, contrasenia, nombre, apellido, activo, fecha_baja) VALUES ('utn-000071', '\x2432622431322478644971324b4a77502f327634626c6879324e6d2f4f33474f32582e376c44417a33326734482e5936454859657039613970316975', 'Maxine', 'Fibbitts', true, NULL);
INSERT INTO public."Usuario" (id_usuario, contrasenia, nombre, apellido, activo, fecha_baja) VALUES ('utn-000072', '\x24326224313224527944707857305a66756e7533424d4553624d66356568784d4a434c51764f6f45766f396256424e576a4733366d556b5961325975', 'Peria', 'Marson', true, NULL);
INSERT INTO public."Usuario" (id_usuario, contrasenia, nombre, apellido, activo, fecha_baja) VALUES ('utn-000073', '\x243262243132245858713578347a77507550427267716456753731762e375472495470333250646c447578614e4438656b6357527676746872413157', 'Jania', 'Threader', true, NULL);
INSERT INTO public."Usuario" (id_usuario, contrasenia, nombre, apellido, activo, fecha_baja) VALUES ('utn-000074', '\x24326224313224477a49306a514d41424e526c4b6e455648416339382e4f454c385031426a6474325750656e37647265714e6e68392e4a797a6c3943', 'Mame', 'Kabsch', true, NULL);
INSERT INTO public."Usuario" (id_usuario, contrasenia, nombre, apellido, activo, fecha_baja) VALUES ('utn-000075', '\x243262243132246f735363453176396c3532767167474e644b65516e654157394c7a6b4f584b6c3751683554757370396258427067487848326b7843', 'Ettore', 'Guarin', true, NULL);
INSERT INTO public."Usuario" (id_usuario, contrasenia, nombre, apellido, activo, fecha_baja) VALUES ('utn-000076', '\x2432622431322452636a6d2f666979484735337673764d303254387365544e36585172664f57354c624b4f544c5069776f4d55622f36793336334979', 'Ethelind', 'Blint', true, NULL);
INSERT INTO public."Usuario" (id_usuario, contrasenia, nombre, apellido, activo, fecha_baja) VALUES ('utn-000077', '\x24326224313224707461566d77565962476539513976315a4d4d366d2e3434384555302f35794972546637554f62594e414c676f6243362e686d6d2e', 'Ruy', 'Van Daalen', true, NULL);
INSERT INTO public."Usuario" (id_usuario, contrasenia, nombre, apellido, activo, fecha_baja) VALUES ('utn-000078', '\x2432622431322436626f69746e36565347717755374e556d49544a7a65376a705a5670544543576259656e69767650666e37486c654c544b6f61434f', 'Delaney', 'Keary', true, NULL);
INSERT INTO public."Usuario" (id_usuario, contrasenia, nombre, apellido, activo, fecha_baja) VALUES ('utn-000079', '\x243262243132245639733932686a517a584b42705873736b543450452e746e63594a4f66385962345634504a62657933763757356b4e6d6538545832', 'Morlee', 'Locarno', true, NULL);
INSERT INTO public."Usuario" (id_usuario, contrasenia, nombre, apellido, activo, fecha_baja) VALUES ('utn-000080', '\x243262243132247735675a784476355a4b58322f584d4b3562534c342e436d414f51514d5453386c4d33636f454a594170345731614673337a774753', 'Carine', 'Grieves', true, NULL);
INSERT INTO public."Usuario" (id_usuario, contrasenia, nombre, apellido, activo, fecha_baja) VALUES ('utn-000081', '\x24326224313224333847697469756d4f50304c5a675a74436973326c655079746c634f76483533375433435a7472423768634375546a4d63697a6d6d', 'Edgar', 'Wholesworth', true, NULL);
INSERT INTO public."Usuario" (id_usuario, contrasenia, nombre, apellido, activo, fecha_baja) VALUES ('utn-000082', '\x24326224313224662e4652534e525179724e426c566c7572537966722e7a544a762f38593573414e46646a46316b702e414a46765430597742396532', 'Bobbee', 'Varrow', true, NULL);
INSERT INTO public."Usuario" (id_usuario, contrasenia, nombre, apellido, activo, fecha_baja) VALUES ('utn-000083', '\x243262243132246e614d2f687a2f6e33756f517634307a67614574442e357434417a355539674930554246686a3764626c715737363734307753694b', 'Alix', 'St. Clair', true, NULL);
INSERT INTO public."Usuario" (id_usuario, contrasenia, nombre, apellido, activo, fecha_baja) VALUES ('utn-000084', '\x243262243132244e53382e487972484c33416b436a6d6572756d31437545644358574a6e5a79565747705544616a36434d71753936736d6656626371', 'Kendall', 'Baccup', true, NULL);
INSERT INTO public."Usuario" (id_usuario, contrasenia, nombre, apellido, activo, fecha_baja) VALUES ('utn-000085', '\x243262243132244357504d4c32646a6e304456704d71724c44396d702e79344478487745387530395a487370354d47546d42317967426e7a54714d53', 'Keri', 'Anniwell', true, NULL);
INSERT INTO public."Usuario" (id_usuario, contrasenia, nombre, apellido, activo, fecha_baja) VALUES ('utn-000086', '\x243262243132244f585654366e6e4834486c69326c7644615265466575787a64695a7363424e694177356d785a355735704e51395979374d43396957', 'Dorry', 'Guerin', true, NULL);
INSERT INTO public."Usuario" (id_usuario, contrasenia, nombre, apellido, activo, fecha_baja) VALUES ('utn-000087', '\x2432622431322446704955774d4b596a2f354f316e5a6c65317450672e776e65707568652f54713474736947722e79614439345839554667376b6f6d', 'Norine', 'Brownill', true, NULL);
INSERT INTO public."Usuario" (id_usuario, contrasenia, nombre, apellido, activo, fecha_baja) VALUES ('utn-000088', '\x2432622431322443723746434545667567524d3756554b50442f637375522f7342464237637261717568513335784b49486e3743724f536659456f53', 'Florry', 'Caustick', true, NULL);
INSERT INTO public."Usuario" (id_usuario, contrasenia, nombre, apellido, activo, fecha_baja) VALUES ('utn-000089', '\x24326224313224665953377630794d5a70332f4a78754a4c4939496d656933336e6a38512e2e794c683944434b336c52596b5541794279396230336d', 'Laure', 'Wiseman', true, NULL);
INSERT INTO public."Usuario" (id_usuario, contrasenia, nombre, apellido, activo, fecha_baja) VALUES ('utn-000090', '\x243262243132244633532f386773506832334f66324e4e54627237642e3642574a6f685931773066387441706d5348727770472f384655485a57366d', 'Aloysius', 'Wannell', true, NULL);
INSERT INTO public."Usuario" (id_usuario, contrasenia, nombre, apellido, activo, fecha_baja) VALUES ('utn-000091', '\x2432622431322455394771336c414d6b675555725171712e7356304665664e3076664b41537161505a71646a533835393950776f3954684e44775947', 'Lovell', 'Bailiss', true, NULL);
INSERT INTO public."Usuario" (id_usuario, contrasenia, nombre, apellido, activo, fecha_baja) VALUES ('utn-000092', '\x24326224313224302e356e643076536577316b3631356168714b76764f2e44783332472f74364668354c324f6f397a2f6c464d7766323841536c434f', 'Rhodie', 'Gellett', true, NULL);
INSERT INTO public."Usuario" (id_usuario, contrasenia, nombre, apellido, activo, fecha_baja) VALUES ('utn-000093', '\x24326224313224694b695a6e35376d4f2e3679584c424c6a2f6232654f434d4554626d6930426e733232663852306e3572376e6967784d7a75307147', 'Waylon', 'Prangle', true, NULL);
INSERT INTO public."Usuario" (id_usuario, contrasenia, nombre, apellido, activo, fecha_baja) VALUES ('utn-000094', '\x243262243132242e724336585a6a6548317577446c4a7a444145486265483733445170684d73475767572f6c53686d6f787068414f414d724d712f75', 'Saudra', 'Hawe', true, NULL);
INSERT INTO public."Usuario" (id_usuario, contrasenia, nombre, apellido, activo, fecha_baja) VALUES ('utn-000095', '\x243262243132245576505437615a3775414d2f423143663072766d6f4f3279384e70666264777158346548773875384d5563707245626c5031586179', 'Eloise', 'Layton', true, NULL);
INSERT INTO public."Usuario" (id_usuario, contrasenia, nombre, apellido, activo, fecha_baja) VALUES ('utn-000096', '\x2432622431322452755470336c5a624b556159557a566c62765054512e37734f69356173387a514d4954596c4f39577738717347527966373762696d', 'Katrina', 'McGloughlin', true, NULL);
INSERT INTO public."Usuario" (id_usuario, contrasenia, nombre, apellido, activo, fecha_baja) VALUES ('utn-000097', '\x2432622431322448534770427a4934363435356c74766954432e3550756c6832493054536168466b6e51756e517749766b70583076577045354b6969', 'Job', 'Scholtis', true, NULL);
INSERT INTO public."Usuario" (id_usuario, contrasenia, nombre, apellido, activo, fecha_baja) VALUES ('utn-000098', '\x243262243132247872556b2f45372f486c4b49444a442e557470684965467a6632384e6f32317270594c7a7175376c704c523534763176556f4d6675', 'Hailee', 'Chagg', true, NULL);
INSERT INTO public."Usuario" (id_usuario, contrasenia, nombre, apellido, activo, fecha_baja) VALUES ('utn-000099', '\x2432622431322434354550567436764c6a75362e77744b457159414d65365575395379504c4c6c5866494d5374324c3662736a52417268376271524f', 'Peggie', 'Sotheby', true, NULL);
INSERT INTO public."Usuario" (id_usuario, contrasenia, nombre, apellido, activo, fecha_baja) VALUES ('utn-000100', '\x243262243132244f61752f6444517837393542736b7676793752776f2e494a654d43423555754132745268472f75396336756e59365a4d58686f5957', 'Luis', 'Martinez', true, NULL);
INSERT INTO public."Usuario" (id_usuario, contrasenia, nombre, apellido, activo, fecha_baja) VALUES ('utn-000101', '\x24326224313224314a5678546b6a363564796e496b3438455341575365513458672e516d6c384a475a426f6f7a3454636f785557443058537a425475', 'Gonzalo', 'Gaitán', true, NULL);


--
-- TOC entry 5074 (class 0 OID 17817)
-- Dependencies: 224
-- Data for Name: auth_group; Type: TABLE DATA; Schema: public; Owner: postgres
--



--
-- TOC entry 5076 (class 0 OID 17825)
-- Dependencies: 226
-- Data for Name: auth_group_permissions; Type: TABLE DATA; Schema: public; Owner: postgres
--



--
-- TOC entry 5072 (class 0 OID 17811)
-- Dependencies: 222
-- Data for Name: auth_permission; Type: TABLE DATA; Schema: public; Owner: postgres
--

INSERT INTO public.auth_permission (id, name, content_type_id, codename) VALUES (1, 'Can add log entry', 1, 'add_logentry');
INSERT INTO public.auth_permission (id, name, content_type_id, codename) VALUES (2, 'Can change log entry', 1, 'change_logentry');
INSERT INTO public.auth_permission (id, name, content_type_id, codename) VALUES (3, 'Can delete log entry', 1, 'delete_logentry');
INSERT INTO public.auth_permission (id, name, content_type_id, codename) VALUES (4, 'Can view log entry', 1, 'view_logentry');
INSERT INTO public.auth_permission (id, name, content_type_id, codename) VALUES (5, 'Can add permission', 2, 'add_permission');
INSERT INTO public.auth_permission (id, name, content_type_id, codename) VALUES (6, 'Can change permission', 2, 'change_permission');
INSERT INTO public.auth_permission (id, name, content_type_id, codename) VALUES (7, 'Can delete permission', 2, 'delete_permission');
INSERT INTO public.auth_permission (id, name, content_type_id, codename) VALUES (8, 'Can view permission', 2, 'view_permission');
INSERT INTO public.auth_permission (id, name, content_type_id, codename) VALUES (9, 'Can add group', 3, 'add_group');
INSERT INTO public.auth_permission (id, name, content_type_id, codename) VALUES (10, 'Can change group', 3, 'change_group');
INSERT INTO public.auth_permission (id, name, content_type_id, codename) VALUES (11, 'Can delete group', 3, 'delete_group');
INSERT INTO public.auth_permission (id, name, content_type_id, codename) VALUES (12, 'Can view group', 3, 'view_group');
INSERT INTO public.auth_permission (id, name, content_type_id, codename) VALUES (13, 'Can add user', 4, 'add_user');
INSERT INTO public.auth_permission (id, name, content_type_id, codename) VALUES (14, 'Can change user', 4, 'change_user');
INSERT INTO public.auth_permission (id, name, content_type_id, codename) VALUES (15, 'Can delete user', 4, 'delete_user');
INSERT INTO public.auth_permission (id, name, content_type_id, codename) VALUES (16, 'Can view user', 4, 'view_user');
INSERT INTO public.auth_permission (id, name, content_type_id, codename) VALUES (17, 'Can add content type', 5, 'add_contenttype');
INSERT INTO public.auth_permission (id, name, content_type_id, codename) VALUES (18, 'Can change content type', 5, 'change_contenttype');
INSERT INTO public.auth_permission (id, name, content_type_id, codename) VALUES (19, 'Can delete content type', 5, 'delete_contenttype');
INSERT INTO public.auth_permission (id, name, content_type_id, codename) VALUES (20, 'Can view content type', 5, 'view_contenttype');
INSERT INTO public.auth_permission (id, name, content_type_id, codename) VALUES (21, 'Can add session', 6, 'add_session');
INSERT INTO public.auth_permission (id, name, content_type_id, codename) VALUES (22, 'Can change session', 6, 'change_session');
INSERT INTO public.auth_permission (id, name, content_type_id, codename) VALUES (23, 'Can delete session', 6, 'delete_session');
INSERT INTO public.auth_permission (id, name, content_type_id, codename) VALUES (24, 'Can view session', 6, 'view_session');
INSERT INTO public.auth_permission (id, name, content_type_id, codename) VALUES (25, 'Can add docente', 7, 'add_docente');
INSERT INTO public.auth_permission (id, name, content_type_id, codename) VALUES (26, 'Can change docente', 7, 'change_docente');
INSERT INTO public.auth_permission (id, name, content_type_id, codename) VALUES (27, 'Can delete docente', 7, 'delete_docente');
INSERT INTO public.auth_permission (id, name, content_type_id, codename) VALUES (28, 'Can view docente', 7, 'view_docente');
INSERT INTO public.auth_permission (id, name, content_type_id, codename) VALUES (29, 'Can add tipo actividad', 8, 'add_tipoactividad');
INSERT INTO public.auth_permission (id, name, content_type_id, codename) VALUES (30, 'Can change tipo actividad', 8, 'change_tipoactividad');
INSERT INTO public.auth_permission (id, name, content_type_id, codename) VALUES (31, 'Can delete tipo actividad', 8, 'delete_tipoactividad');
INSERT INTO public.auth_permission (id, name, content_type_id, codename) VALUES (32, 'Can view tipo actividad', 8, 'view_tipoactividad');
INSERT INTO public.auth_permission (id, name, content_type_id, codename) VALUES (33, 'Can add actividad', 9, 'add_actividad');
INSERT INTO public.auth_permission (id, name, content_type_id, codename) VALUES (34, 'Can change actividad', 9, 'change_actividad');
INSERT INTO public.auth_permission (id, name, content_type_id, codename) VALUES (35, 'Can delete actividad', 9, 'delete_actividad');
INSERT INTO public.auth_permission (id, name, content_type_id, codename) VALUES (36, 'Can view actividad', 9, 'view_actividad');
INSERT INTO public.auth_permission (id, name, content_type_id, codename) VALUES (37, 'Can add usuario', 10, 'add_usuario');
INSERT INTO public.auth_permission (id, name, content_type_id, codename) VALUES (38, 'Can change usuario', 10, 'change_usuario');
INSERT INTO public.auth_permission (id, name, content_type_id, codename) VALUES (39, 'Can delete usuario', 10, 'delete_usuario');
INSERT INTO public.auth_permission (id, name, content_type_id, codename) VALUES (40, 'Can view usuario', 10, 'view_usuario');
INSERT INTO public.auth_permission (id, name, content_type_id, codename) VALUES (41, 'Can add administrador', 11, 'add_administrador');
INSERT INTO public.auth_permission (id, name, content_type_id, codename) VALUES (42, 'Can change administrador', 11, 'change_administrador');
INSERT INTO public.auth_permission (id, name, content_type_id, codename) VALUES (43, 'Can delete administrador', 11, 'delete_administrador');
INSERT INTO public.auth_permission (id, name, content_type_id, codename) VALUES (44, 'Can view administrador', 11, 'view_administrador');
INSERT INTO public.auth_permission (id, name, content_type_id, codename) VALUES (45, 'Can add tipo pizarron', 12, 'add_tipopizarron');
INSERT INTO public.auth_permission (id, name, content_type_id, codename) VALUES (46, 'Can change tipo pizarron', 12, 'change_tipopizarron');
INSERT INTO public.auth_permission (id, name, content_type_id, codename) VALUES (47, 'Can delete tipo pizarron', 12, 'delete_tipopizarron');
INSERT INTO public.auth_permission (id, name, content_type_id, codename) VALUES (48, 'Can view tipo pizarron', 12, 'view_tipopizarron');
INSERT INTO public.auth_permission (id, name, content_type_id, codename) VALUES (49, 'Can add aula', 13, 'add_aula');
INSERT INTO public.auth_permission (id, name, content_type_id, codename) VALUES (50, 'Can change aula', 13, 'change_aula');
INSERT INTO public.auth_permission (id, name, content_type_id, codename) VALUES (51, 'Can delete aula', 13, 'delete_aula');
INSERT INTO public.auth_permission (id, name, content_type_id, codename) VALUES (52, 'Can view aula', 13, 'view_aula');
INSERT INTO public.auth_permission (id, name, content_type_id, codename) VALUES (53, 'Can add tiene', 14, 'add_tiene');
INSERT INTO public.auth_permission (id, name, content_type_id, codename) VALUES (54, 'Can change tiene', 14, 'change_tiene');
INSERT INTO public.auth_permission (id, name, content_type_id, codename) VALUES (55, 'Can delete tiene', 14, 'delete_tiene');
INSERT INTO public.auth_permission (id, name, content_type_id, codename) VALUES (56, 'Can view tiene', 14, 'view_tiene');
INSERT INTO public.auth_permission (id, name, content_type_id, codename) VALUES (57, 'Can add aula informatica', 15, 'add_aulainformatica');
INSERT INTO public.auth_permission (id, name, content_type_id, codename) VALUES (58, 'Can change aula informatica', 15, 'change_aulainformatica');
INSERT INTO public.auth_permission (id, name, content_type_id, codename) VALUES (59, 'Can delete aula informatica', 15, 'delete_aulainformatica');
INSERT INTO public.auth_permission (id, name, content_type_id, codename) VALUES (60, 'Can view aula informatica', 15, 'view_aulainformatica');
INSERT INTO public.auth_permission (id, name, content_type_id, codename) VALUES (61, 'Can add aula multimedios', 16, 'add_aulamultimedios');
INSERT INTO public.auth_permission (id, name, content_type_id, codename) VALUES (62, 'Can change aula multimedios', 16, 'change_aulamultimedios');
INSERT INTO public.auth_permission (id, name, content_type_id, codename) VALUES (63, 'Can delete aula multimedios', 16, 'delete_aulamultimedios');
INSERT INTO public.auth_permission (id, name, content_type_id, codename) VALUES (64, 'Can view aula multimedios', 16, 'view_aulamultimedios');
INSERT INTO public.auth_permission (id, name, content_type_id, codename) VALUES (65, 'Can add aula sin recursos adicionales', 17, 'add_aulasinrecursosadicionales');
INSERT INTO public.auth_permission (id, name, content_type_id, codename) VALUES (66, 'Can change aula sin recursos adicionales', 17, 'change_aulasinrecursosadicionales');
INSERT INTO public.auth_permission (id, name, content_type_id, codename) VALUES (67, 'Can delete aula sin recursos adicionales', 17, 'delete_aulasinrecursosadicionales');
INSERT INTO public.auth_permission (id, name, content_type_id, codename) VALUES (68, 'Can view aula sin recursos adicionales', 17, 'view_aulasinrecursosadicionales');
INSERT INTO public.auth_permission (id, name, content_type_id, codename) VALUES (69, 'Can add bedel', 18, 'add_bedel');
INSERT INTO public.auth_permission (id, name, content_type_id, codename) VALUES (70, 'Can change bedel', 18, 'change_bedel');
INSERT INTO public.auth_permission (id, name, content_type_id, codename) VALUES (71, 'Can delete bedel', 18, 'delete_bedel');
INSERT INTO public.auth_permission (id, name, content_type_id, codename) VALUES (72, 'Can view bedel', 18, 'view_bedel');
INSERT INTO public.auth_permission (id, name, content_type_id, codename) VALUES (73, 'Can add periodo', 19, 'add_periodo');
INSERT INTO public.auth_permission (id, name, content_type_id, codename) VALUES (74, 'Can change periodo', 19, 'change_periodo');
INSERT INTO public.auth_permission (id, name, content_type_id, codename) VALUES (75, 'Can delete periodo', 19, 'delete_periodo');
INSERT INTO public.auth_permission (id, name, content_type_id, codename) VALUES (76, 'Can view periodo', 19, 'view_periodo');
INSERT INTO public.auth_permission (id, name, content_type_id, codename) VALUES (77, 'Can add reserva', 20, 'add_reserva');
INSERT INTO public.auth_permission (id, name, content_type_id, codename) VALUES (78, 'Can change reserva', 20, 'change_reserva');
INSERT INTO public.auth_permission (id, name, content_type_id, codename) VALUES (79, 'Can delete reserva', 20, 'delete_reserva');
INSERT INTO public.auth_permission (id, name, content_type_id, codename) VALUES (80, 'Can view reserva', 20, 'view_reserva');
INSERT INTO public.auth_permission (id, name, content_type_id, codename) VALUES (81, 'Can add reservacion', 21, 'add_reservacion');
INSERT INTO public.auth_permission (id, name, content_type_id, codename) VALUES (82, 'Can change reservacion', 21, 'change_reservacion');
INSERT INTO public.auth_permission (id, name, content_type_id, codename) VALUES (83, 'Can delete reservacion', 21, 'delete_reservacion');
INSERT INTO public.auth_permission (id, name, content_type_id, codename) VALUES (84, 'Can view reservacion', 21, 'view_reservacion');
INSERT INTO public.auth_permission (id, name, content_type_id, codename) VALUES (85, 'Can add aula multimedio', 16, 'add_aulamultimedio');
INSERT INTO public.auth_permission (id, name, content_type_id, codename) VALUES (86, 'Can change aula multimedio', 16, 'change_aulamultimedio');
INSERT INTO public.auth_permission (id, name, content_type_id, codename) VALUES (87, 'Can delete aula multimedio', 16, 'delete_aulamultimedio');
INSERT INTO public.auth_permission (id, name, content_type_id, codename) VALUES (88, 'Can view aula multimedio', 16, 'view_aulamultimedio');


--
-- TOC entry 5078 (class 0 OID 17831)
-- Dependencies: 228
-- Data for Name: auth_user; Type: TABLE DATA; Schema: public; Owner: postgres
--

INSERT INTO public.auth_user (id, password, last_login, is_superuser, username, first_name, last_name, email, is_staff, is_active, date_joined) VALUES (1, 'pbkdf2_sha256$870000$6eXiLjfAlgAmVXBGI2rTTI$/+zfw1ApVLCPGkVPkZxoetA9zQuNJQlLAgD1Du3d89U=', '2024-12-06 15:09:44.509602-03', true, 'santi', '', '', 'spaggicilario@frsf.utn.edu.ar', true, true, '2024-11-28 22:32:48.532811-03');


--
-- TOC entry 5080 (class 0 OID 17839)
-- Dependencies: 230
-- Data for Name: auth_user_groups; Type: TABLE DATA; Schema: public; Owner: postgres
--



--
-- TOC entry 5082 (class 0 OID 17845)
-- Dependencies: 232
-- Data for Name: auth_user_user_permissions; Type: TABLE DATA; Schema: public; Owner: postgres
--



--
-- TOC entry 5084 (class 0 OID 17903)
-- Dependencies: 234
-- Data for Name: django_admin_log; Type: TABLE DATA; Schema: public; Owner: postgres
--

INSERT INTO public.django_admin_log (id, action_time, object_id, object_repr, action_flag, change_message, content_type_id, user_id) VALUES (1, '2024-11-28 22:34:18.687446-03', 'utn-000000', 'Administrador object (utn-000000)', 1, '[{"added": {}}]', 11, 1);
INSERT INTO public.django_admin_log (id, action_time, object_id, object_repr, action_flag, change_message, content_type_id, user_id) VALUES (2, '2024-11-28 22:34:55.192538-03', 'utn-000001', 'Administrador object (utn-000001)', 1, '[{"added": {}}]', 11, 1);
INSERT INTO public.django_admin_log (id, action_time, object_id, object_repr, action_flag, change_message, content_type_id, user_id) VALUES (3, '2024-11-28 22:35:42.905738-03', 'utn-111111', 'Bedel object (utn-111111)', 1, '[{"added": {}}]', 18, 1);
INSERT INTO public.django_admin_log (id, action_time, object_id, object_repr, action_flag, change_message, content_type_id, user_id) VALUES (4, '2024-11-28 22:36:29.488806-03', 'utn-222222', 'Bedel object (utn-222222)', 1, '[{"added": {}}]', 18, 1);
INSERT INTO public.django_admin_log (id, action_time, object_id, object_repr, action_flag, change_message, content_type_id, user_id) VALUES (5, '2024-11-28 22:37:44.692587-03', 'utn-333333', 'Bedel object (utn-333333)', 1, '[{"added": {}}]', 18, 1);
INSERT INTO public.django_admin_log (id, action_time, object_id, object_repr, action_flag, change_message, content_type_id, user_id) VALUES (6, '2024-11-28 22:38:20.318616-03', 'utn-444444', 'Bedel object (utn-444444)', 1, '[{"added": {}}]', 18, 1);
INSERT INTO public.django_admin_log (id, action_time, object_id, object_repr, action_flag, change_message, content_type_id, user_id) VALUES (7, '2024-11-28 22:39:24.746929-03', 'utn-555555', 'Bedel object (utn-555555)', 1, '[{"added": {}}]', 18, 1);
INSERT INTO public.django_admin_log (id, action_time, object_id, object_repr, action_flag, change_message, content_type_id, user_id) VALUES (8, '2024-12-02 22:15:54.349027-03', 'utn-000000', 'Administrador object (utn-000000)', 2, '[{"changed": {"fields": ["Contrasenia"]}}]', 11, 1);
INSERT INTO public.django_admin_log (id, action_time, object_id, object_repr, action_flag, change_message, content_type_id, user_id) VALUES (9, '2024-12-04 19:12:07.750437-03', '1', 'Periodo object (1)', 1, '[{"added": {}}]', 19, 1);
INSERT INTO public.django_admin_log (id, action_time, object_id, object_repr, action_flag, change_message, content_type_id, user_id) VALUES (10, '2024-12-04 19:12:43.601494-03', '2', 'Periodo object (2)', 1, '[{"added": {}}]', 19, 1);
INSERT INTO public.django_admin_log (id, action_time, object_id, object_repr, action_flag, change_message, content_type_id, user_id) VALUES (11, '2024-12-04 19:13:08.895795-03', '3', 'Periodo object (3)', 1, '[{"added": {}}]', 19, 1);
INSERT INTO public.django_admin_log (id, action_time, object_id, object_repr, action_flag, change_message, content_type_id, user_id) VALUES (12, '2024-12-04 19:13:59.292689-03', '4', 'Periodo object (4)', 1, '[{"added": {}}]', 19, 1);
INSERT INTO public.django_admin_log (id, action_time, object_id, object_repr, action_flag, change_message, content_type_id, user_id) VALUES (13, '2024-12-04 19:14:32.829536-03', '5', 'Periodo object (5)', 1, '[{"added": {}}]', 19, 1);
INSERT INTO public.django_admin_log (id, action_time, object_id, object_repr, action_flag, change_message, content_type_id, user_id) VALUES (14, '2024-12-04 19:14:59.227451-03', '6', 'Periodo object (6)', 1, '[{"added": {}}]', 19, 1);
INSERT INTO public.django_admin_log (id, action_time, object_id, object_repr, action_flag, change_message, content_type_id, user_id) VALUES (15, '2024-12-04 19:29:04.13315-03', '1', 'TipoPizarron object (1)', 1, '[{"added": {}}]', 12, 1);
INSERT INTO public.django_admin_log (id, action_time, object_id, object_repr, action_flag, change_message, content_type_id, user_id) VALUES (16, '2024-12-04 19:29:21.321055-03', '2', 'TipoPizarron object (2)', 1, '[{"added": {}}]', 12, 1);
INSERT INTO public.django_admin_log (id, action_time, object_id, object_repr, action_flag, change_message, content_type_id, user_id) VALUES (17, '2024-12-04 19:31:00.849396-03', 'Aula 18', 'Aula object (Aula 18)', 1, '[{"added": {}}]', 13, 1);
INSERT INTO public.django_admin_log (id, action_time, object_id, object_repr, action_flag, change_message, content_type_id, user_id) VALUES (18, '2024-12-04 19:31:57.077585-03', 'Aula 17', 'Aula object (Aula 17)', 1, '[{"added": {}}]', 13, 1);
INSERT INTO public.django_admin_log (id, action_time, object_id, object_repr, action_flag, change_message, content_type_id, user_id) VALUES (19, '2024-12-04 19:32:31.266691-03', 'Laboratorio 1', 'Aula object (Laboratorio 1)', 1, '[{"added": {}}]', 13, 1);
INSERT INTO public.django_admin_log (id, action_time, object_id, object_repr, action_flag, change_message, content_type_id, user_id) VALUES (20, '2024-12-04 19:33:04.008435-03', 'Laboratorio 3', 'Aula object (Laboratorio 3)', 1, '[{"added": {}}]', 13, 1);
INSERT INTO public.django_admin_log (id, action_time, object_id, object_repr, action_flag, change_message, content_type_id, user_id) VALUES (21, '2024-12-04 19:42:44.374416-03', 'Aula Multimedios 1', 'Aula object (Aula Multimedios 1)', 1, '[{"added": {}}]', 13, 1);
INSERT INTO public.django_admin_log (id, action_time, object_id, object_repr, action_flag, change_message, content_type_id, user_id) VALUES (22, '2024-12-04 19:49:26.247224-03', 'Laboratorio 3', 'Aula object (Laboratorio 3)', 3, '', 13, 1);
INSERT INTO public.django_admin_log (id, action_time, object_id, object_repr, action_flag, change_message, content_type_id, user_id) VALUES (23, '2024-12-04 19:49:26.247224-03', 'Laboratorio 1', 'Aula object (Laboratorio 1)', 3, '', 13, 1);
INSERT INTO public.django_admin_log (id, action_time, object_id, object_repr, action_flag, change_message, content_type_id, user_id) VALUES (24, '2024-12-04 19:49:26.247385-03', 'Aula Multimedios 1', 'Aula object (Aula Multimedios 1)', 3, '', 13, 1);
INSERT INTO public.django_admin_log (id, action_time, object_id, object_repr, action_flag, change_message, content_type_id, user_id) VALUES (25, '2024-12-04 19:49:26.247385-03', 'Aula 18', 'Aula object (Aula 18)', 3, '', 13, 1);
INSERT INTO public.django_admin_log (id, action_time, object_id, object_repr, action_flag, change_message, content_type_id, user_id) VALUES (26, '2024-12-04 19:49:26.247385-03', 'Aula 17', 'Aula object (Aula 17)', 3, '', 13, 1);
INSERT INTO public.django_admin_log (id, action_time, object_id, object_repr, action_flag, change_message, content_type_id, user_id) VALUES (27, '2024-12-04 19:49:59.443307-03', 'Laboratorio 1', 'AulaInformatica object (Laboratorio 1)', 1, '[{"added": {}}]', 15, 1);
INSERT INTO public.django_admin_log (id, action_time, object_id, object_repr, action_flag, change_message, content_type_id, user_id) VALUES (28, '2024-12-04 19:50:25.305554-03', 'Laboratorio 3', 'AulaInformatica object (Laboratorio 3)', 1, '[{"added": {}}]', 15, 1);
INSERT INTO public.django_admin_log (id, action_time, object_id, object_repr, action_flag, change_message, content_type_id, user_id) VALUES (29, '2024-12-04 19:50:57.272022-03', 'Aula Multimedios 1', 'AulaMultimedios object (Aula Multimedios 1)', 1, '[{"added": {}}]', 16, 1);
INSERT INTO public.django_admin_log (id, action_time, object_id, object_repr, action_flag, change_message, content_type_id, user_id) VALUES (30, '2024-12-04 19:51:21.186925-03', 'Aula 17', 'AulaSinRecursosAdicionales object (Aula 17)', 1, '[{"added": {}}]', 17, 1);
INSERT INTO public.django_admin_log (id, action_time, object_id, object_repr, action_flag, change_message, content_type_id, user_id) VALUES (31, '2024-12-04 19:51:35.99559-03', 'Aula 18', 'AulaSinRecursosAdicionales object (Aula 18)', 1, '[{"added": {}}]', 17, 1);
INSERT INTO public.django_admin_log (id, action_time, object_id, object_repr, action_flag, change_message, content_type_id, user_id) VALUES (32, '2024-12-04 19:51:54.50414-03', 'Museo de Materiales', 'AulaSinRecursosAdicionales object (Museo de Materiales)', 1, '[{"added": {}}]', 17, 1);
INSERT INTO public.django_admin_log (id, action_time, object_id, object_repr, action_flag, change_message, content_type_id, user_id) VALUES (33, '2024-12-06 15:11:58.783895-03', '1', 'Reservacion object (1)', 3, '', 21, 1);
INSERT INTO public.django_admin_log (id, action_time, object_id, object_repr, action_flag, change_message, content_type_id, user_id) VALUES (34, '2024-12-06 15:12:05.856168-03', '2', 'Reservacion object (2)', 3, '', 21, 1);
INSERT INTO public.django_admin_log (id, action_time, object_id, object_repr, action_flag, change_message, content_type_id, user_id) VALUES (35, '2024-12-06 15:12:20.664636-03', '1', 'Reserva object (1)', 3, '', 20, 1);
INSERT INTO public.django_admin_log (id, action_time, object_id, object_repr, action_flag, change_message, content_type_id, user_id) VALUES (36, '2024-12-06 15:12:26.448718-03', '2', 'Reserva object (2)', 3, '', 20, 1);
INSERT INTO public.django_admin_log (id, action_time, object_id, object_repr, action_flag, change_message, content_type_id, user_id) VALUES (37, '2024-12-06 15:13:48.461758-03', '1', 'Actividad object (1)', 3, '', 9, 1);
INSERT INTO public.django_admin_log (id, action_time, object_id, object_repr, action_flag, change_message, content_type_id, user_id) VALUES (38, '2024-12-06 15:13:55.37701-03', '2', 'Actividad object (2)', 3, '', 9, 1);
INSERT INTO public.django_admin_log (id, action_time, object_id, object_repr, action_flag, change_message, content_type_id, user_id) VALUES (39, '2024-12-15 21:29:59.541923-03', 'Laboratorio 9', 'AulaInformatica object (Laboratorio 9)', 3, '', 15, 1);
INSERT INTO public.django_admin_log (id, action_time, object_id, object_repr, action_flag, change_message, content_type_id, user_id) VALUES (40, '2024-12-15 21:29:59.541923-03', 'Laboratorio 8', 'AulaInformatica object (Laboratorio 8)', 3, '', 15, 1);
INSERT INTO public.django_admin_log (id, action_time, object_id, object_repr, action_flag, change_message, content_type_id, user_id) VALUES (41, '2024-12-15 21:29:59.541923-03', 'Laboratorio 7', 'AulaInformatica object (Laboratorio 7)', 3, '', 15, 1);
INSERT INTO public.django_admin_log (id, action_time, object_id, object_repr, action_flag, change_message, content_type_id, user_id) VALUES (42, '2024-12-15 21:29:59.541923-03', 'Laboratorio 6', 'AulaInformatica object (Laboratorio 6)', 3, '', 15, 1);
INSERT INTO public.django_admin_log (id, action_time, object_id, object_repr, action_flag, change_message, content_type_id, user_id) VALUES (43, '2024-12-15 21:29:59.541923-03', 'Laboratorio 10', 'AulaInformatica object (Laboratorio 10)', 3, '', 15, 1);
INSERT INTO public.django_admin_log (id, action_time, object_id, object_repr, action_flag, change_message, content_type_id, user_id) VALUES (44, '2024-12-15 21:30:49.287201-03', 'Aula Multimedios 9', 'AulaMultimedio object (Aula Multimedios 9)', 3, '', 16, 1);
INSERT INTO public.django_admin_log (id, action_time, object_id, object_repr, action_flag, change_message, content_type_id, user_id) VALUES (45, '2024-12-15 21:30:49.287201-03', 'Aula Multimedios 8', 'AulaMultimedio object (Aula Multimedios 8)', 3, '', 16, 1);
INSERT INTO public.django_admin_log (id, action_time, object_id, object_repr, action_flag, change_message, content_type_id, user_id) VALUES (46, '2024-12-15 21:30:49.287201-03', 'Aula Multimedios 7', 'AulaMultimedio object (Aula Multimedios 7)', 3, '', 16, 1);
INSERT INTO public.django_admin_log (id, action_time, object_id, object_repr, action_flag, change_message, content_type_id, user_id) VALUES (47, '2024-12-15 21:30:49.287201-03', 'Aula Multimedios 6', 'AulaMultimedio object (Aula Multimedios 6)', 3, '', 16, 1);
INSERT INTO public.django_admin_log (id, action_time, object_id, object_repr, action_flag, change_message, content_type_id, user_id) VALUES (48, '2024-12-15 21:30:49.288206-03', 'Aula Multimedios 5', 'AulaMultimedio object (Aula Multimedios 5)', 3, '', 16, 1);
INSERT INTO public.django_admin_log (id, action_time, object_id, object_repr, action_flag, change_message, content_type_id, user_id) VALUES (49, '2024-12-15 21:30:49.288206-03', 'Aula Multimedios 4', 'AulaMultimedio object (Aula Multimedios 4)', 3, '', 16, 1);
INSERT INTO public.django_admin_log (id, action_time, object_id, object_repr, action_flag, change_message, content_type_id, user_id) VALUES (50, '2024-12-15 21:30:49.288206-03', 'Aula Multimedios 10', 'AulaMultimedio object (Aula Multimedios 10)', 3, '', 16, 1);
INSERT INTO public.django_admin_log (id, action_time, object_id, object_repr, action_flag, change_message, content_type_id, user_id) VALUES (51, '2024-12-15 21:31:07.516072-03', 'Aula 25', 'AulaSinRecursosAdicionales object (Aula 25)', 3, '', 17, 1);
INSERT INTO public.django_admin_log (id, action_time, object_id, object_repr, action_flag, change_message, content_type_id, user_id) VALUES (52, '2024-12-15 21:31:07.516072-03', 'Aula 24', 'AulaSinRecursosAdicionales object (Aula 24)', 3, '', 17, 1);
INSERT INTO public.django_admin_log (id, action_time, object_id, object_repr, action_flag, change_message, content_type_id, user_id) VALUES (53, '2024-12-15 21:31:07.516072-03', 'Aula 23', 'AulaSinRecursosAdicionales object (Aula 23)', 3, '', 17, 1);
INSERT INTO public.django_admin_log (id, action_time, object_id, object_repr, action_flag, change_message, content_type_id, user_id) VALUES (54, '2024-12-15 21:31:07.516072-03', 'Aula 22', 'AulaSinRecursosAdicionales object (Aula 22)', 3, '', 17, 1);
INSERT INTO public.django_admin_log (id, action_time, object_id, object_repr, action_flag, change_message, content_type_id, user_id) VALUES (55, '2024-12-15 21:31:07.516072-03', 'Aula 21', 'AulaSinRecursosAdicionales object (Aula 21)', 3, '', 17, 1);
INSERT INTO public.django_admin_log (id, action_time, object_id, object_repr, action_flag, change_message, content_type_id, user_id) VALUES (56, '2024-12-15 21:31:07.516072-03', 'Aula 20', 'AulaSinRecursosAdicionales object (Aula 20)', 3, '', 17, 1);
INSERT INTO public.django_admin_log (id, action_time, object_id, object_repr, action_flag, change_message, content_type_id, user_id) VALUES (57, '2024-12-15 21:31:07.516072-03', 'Aula 19', 'AulaSinRecursosAdicionales object (Aula 19)', 3, '', 17, 1);
INSERT INTO public.django_admin_log (id, action_time, object_id, object_repr, action_flag, change_message, content_type_id, user_id) VALUES (58, '2024-12-15 21:31:19.3613-03', 'Laboratorio 5', 'AulaInformatica object (Laboratorio 5)', 3, '', 15, 1);
INSERT INTO public.django_admin_log (id, action_time, object_id, object_repr, action_flag, change_message, content_type_id, user_id) VALUES (59, '2024-12-15 21:31:19.3613-03', 'Laboratorio 4', 'AulaInformatica object (Laboratorio 4)', 3, '', 15, 1);
INSERT INTO public.django_admin_log (id, action_time, object_id, object_repr, action_flag, change_message, content_type_id, user_id) VALUES (60, '2024-12-15 21:31:19.3613-03', 'Laboratorio 3', 'AulaInformatica object (Laboratorio 3)', 3, '', 15, 1);
INSERT INTO public.django_admin_log (id, action_time, object_id, object_repr, action_flag, change_message, content_type_id, user_id) VALUES (61, '2024-12-16 00:13:47.039285-03', 'Aula Multimedios 2', 'AulaMultimedio object (Aula Multimedios 2)', 2, '[{"changed": {"fields": ["Capacidad"]}}]', 16, 1);


--
-- TOC entry 5070 (class 0 OID 17803)
-- Dependencies: 220
-- Data for Name: django_content_type; Type: TABLE DATA; Schema: public; Owner: postgres
--

INSERT INTO public.django_content_type (id, app_label, model) VALUES (1, 'admin', 'logentry');
INSERT INTO public.django_content_type (id, app_label, model) VALUES (2, 'auth', 'permission');
INSERT INTO public.django_content_type (id, app_label, model) VALUES (3, 'auth', 'group');
INSERT INTO public.django_content_type (id, app_label, model) VALUES (4, 'auth', 'user');
INSERT INTO public.django_content_type (id, app_label, model) VALUES (5, 'contenttypes', 'contenttype');
INSERT INTO public.django_content_type (id, app_label, model) VALUES (6, 'sessions', 'session');
INSERT INTO public.django_content_type (id, app_label, model) VALUES (7, 'tpdisenio', 'docente');
INSERT INTO public.django_content_type (id, app_label, model) VALUES (8, 'tpdisenio', 'tipoactividad');
INSERT INTO public.django_content_type (id, app_label, model) VALUES (9, 'tpdisenio', 'actividad');
INSERT INTO public.django_content_type (id, app_label, model) VALUES (10, 'tpdisenio', 'usuario');
INSERT INTO public.django_content_type (id, app_label, model) VALUES (11, 'tpdisenio', 'administrador');
INSERT INTO public.django_content_type (id, app_label, model) VALUES (12, 'tpdisenio', 'tipopizarron');
INSERT INTO public.django_content_type (id, app_label, model) VALUES (13, 'tpdisenio', 'aula');
INSERT INTO public.django_content_type (id, app_label, model) VALUES (14, 'tpdisenio', 'tiene');
INSERT INTO public.django_content_type (id, app_label, model) VALUES (15, 'tpdisenio', 'aulainformatica');
INSERT INTO public.django_content_type (id, app_label, model) VALUES (17, 'tpdisenio', 'aulasinrecursosadicionales');
INSERT INTO public.django_content_type (id, app_label, model) VALUES (18, 'tpdisenio', 'bedel');
INSERT INTO public.django_content_type (id, app_label, model) VALUES (19, 'tpdisenio', 'periodo');
INSERT INTO public.django_content_type (id, app_label, model) VALUES (20, 'tpdisenio', 'reserva');
INSERT INTO public.django_content_type (id, app_label, model) VALUES (21, 'tpdisenio', 'reservacion');
INSERT INTO public.django_content_type (id, app_label, model) VALUES (16, 'tpdisenio', 'aulamultimedio');


--
-- TOC entry 5068 (class 0 OID 17795)
-- Dependencies: 218
-- Data for Name: django_migrations; Type: TABLE DATA; Schema: public; Owner: postgres
--

INSERT INTO public.django_migrations (id, app, name, applied) VALUES (1, 'contenttypes', '0001_initial', '2024-11-28 21:21:17.530232-03');
INSERT INTO public.django_migrations (id, app, name, applied) VALUES (2, 'auth', '0001_initial', '2024-11-28 21:21:17.952076-03');
INSERT INTO public.django_migrations (id, app, name, applied) VALUES (3, 'admin', '0001_initial', '2024-11-28 21:21:18.026759-03');
INSERT INTO public.django_migrations (id, app, name, applied) VALUES (4, 'admin', '0002_logentry_remove_auto_add', '2024-11-28 21:21:18.058954-03');
INSERT INTO public.django_migrations (id, app, name, applied) VALUES (5, 'admin', '0003_logentry_add_action_flag_choices', '2024-11-28 21:21:18.074888-03');
INSERT INTO public.django_migrations (id, app, name, applied) VALUES (6, 'contenttypes', '0002_remove_content_type_name', '2024-11-28 21:21:18.113266-03');
INSERT INTO public.django_migrations (id, app, name, applied) VALUES (7, 'auth', '0002_alter_permission_name_max_length', '2024-11-28 21:21:18.126561-03');
INSERT INTO public.django_migrations (id, app, name, applied) VALUES (8, 'auth', '0003_alter_user_email_max_length', '2024-11-28 21:21:18.144177-03');
INSERT INTO public.django_migrations (id, app, name, applied) VALUES (9, 'auth', '0004_alter_user_username_opts', '2024-11-28 21:21:18.160123-03');
INSERT INTO public.django_migrations (id, app, name, applied) VALUES (10, 'auth', '0005_alter_user_last_login_null', '2024-11-28 21:21:18.175798-03');
INSERT INTO public.django_migrations (id, app, name, applied) VALUES (11, 'auth', '0006_require_contenttypes_0002', '2024-11-28 21:21:18.175798-03');
INSERT INTO public.django_migrations (id, app, name, applied) VALUES (12, 'auth', '0007_alter_validators_add_error_messages', '2024-11-28 21:21:18.192275-03');
INSERT INTO public.django_migrations (id, app, name, applied) VALUES (13, 'auth', '0008_alter_user_username_max_length', '2024-11-28 21:21:18.218818-03');
INSERT INTO public.django_migrations (id, app, name, applied) VALUES (14, 'auth', '0009_alter_user_last_name_max_length', '2024-11-28 21:21:18.233115-03');
INSERT INTO public.django_migrations (id, app, name, applied) VALUES (15, 'auth', '0010_alter_group_name_max_length', '2024-11-28 21:21:18.250932-03');
INSERT INTO public.django_migrations (id, app, name, applied) VALUES (16, 'auth', '0011_update_proxy_permissions', '2024-11-28 21:21:18.277174-03');
INSERT INTO public.django_migrations (id, app, name, applied) VALUES (17, 'auth', '0012_alter_user_first_name_max_length', '2024-11-28 21:21:18.293131-03');
INSERT INTO public.django_migrations (id, app, name, applied) VALUES (18, 'sessions', '0001_initial', '2024-11-28 21:21:18.313638-03');
INSERT INTO public.django_migrations (id, app, name, applied) VALUES (19, 'tpdisenio', '0001_initial', '2024-11-28 21:24:27.540576-03');
INSERT INTO public.django_migrations (id, app, name, applied) VALUES (20, 'tpdisenio', '0002_alter_usuario_contrasenia', '2024-12-02 22:37:56.756205-03');
INSERT INTO public.django_migrations (id, app, name, applied) VALUES (21, 'tpdisenio', '0003_remove_actividad_id_tipo_actividad_and_more', '2024-12-05 15:53:42.988838-03');
INSERT INTO public.django_migrations (id, app, name, applied) VALUES (22, 'tpdisenio', '0004_alter_actividad_descripcion', '2024-12-06 14:19:12.348958-03');
INSERT INTO public.django_migrations (id, app, name, applied) VALUES (23, 'tpdisenio', '0005_rename_aulamultimedios_aulamultimedio_and_more', '2024-12-06 16:01:18.745829-03');
INSERT INTO public.django_migrations (id, app, name, applied) VALUES (24, 'tpdisenio', '0002_alter_actividad_descripcion', '2024-12-09 16:42:10.539971-03');
INSERT INTO public.django_migrations (id, app, name, applied) VALUES (25, 'tpdisenio', '0003_rename_tiene_pizarrones_aula_pizarrones_and_more', '2024-12-11 21:25:20.740944-03');


--
-- TOC entry 5085 (class 0 OID 17931)
-- Dependencies: 235
-- Data for Name: django_session; Type: TABLE DATA; Schema: public; Owner: postgres
--

INSERT INTO public.django_session (session_key, session_data, expire_date) VALUES ('uv4kwd8i3hg3zhve3tiazfw4vj3ef4do', '.eJxVjEsOwiAUAO_C2hCg8Cgu3fcM5D0-UjWQlHZlvLsh6UK3M5N5M4_HXvzR0-bXyK5MsssvIwzPVIeID6z3xkOr-7YSHwk_bedLi-l1O9u_QcFexjZbN2nIgmCmCaKayIFVIrkMhlBalTSCEDPKbMgQYQpKBy2kssEGYJ8vzss3lA:1tGpsr:VdPRJ1LafsJ_083IvIDDNqOOqG5v8i9gEZWiFo6ndFw', '2024-12-12 22:33:25.580843-03');
INSERT INTO public.django_session (session_key, session_data, expire_date) VALUES ('bw3z08lxm5b2q56uholvdsre0k40l28p', '.eJxVjEsOwiAUAO_C2hCg8Cgu3fcM5D0-UjWQlHZlvLsh6UK3M5N5M4_HXvzR0-bXyK5MsssvIwzPVIeID6z3xkOr-7YSHwk_bedLi-l1O9u_QcFexjZbN2nIgmCmCaKayIFVIrkMhlBalTSCEDPKbMgQYQpKBy2kssEGYJ8vzss3lA:1tIxZv:sW1GbHxgVSoi4T1GhKgS7ZijHBv_2ISSMzke9WIAOFs', '2024-12-18 19:10:39.361571-03');
INSERT INTO public.django_session (session_key, session_data, expire_date) VALUES ('vvaa891hwkcefwexdz5gt5jcnbspm3ww', '.eJxVjEsOwiAUAO_C2hCg8Cgu3fcM5D0-UjWQlHZlvLsh6UK3M5N5M4_HXvzR0-bXyK5MsssvIwzPVIeID6z3xkOr-7YSHwk_bedLi-l1O9u_QcFexjZbN2nIgmCmCaKayIFVIrkMhlBalTSCEDPKbMgQYQpKBy2kssEGYJ8vzss3lA:1tJcls:DgxDj1eaHRPqstPOdy7OUU1HBOznEZF76KB5UICFRbg', '2024-12-20 15:09:44.526049-03');


--
-- TOC entry 5114 (class 0 OID 0)
-- Dependencies: 249
-- Name: Actividad_id_actividad_historia_seq; Type: SEQUENCE SET; Schema: public; Owner: postgres
--

SELECT pg_catalog.setval('public."Actividad_id_actividad_historia_seq"', 20, true);


--
-- TOC entry 5115 (class 0 OID 0)
-- Dependencies: 238
-- Name: Docente_id_docente_historia_seq; Type: SEQUENCE SET; Schema: public; Owner: postgres
--

SELECT pg_catalog.setval('public."Docente_id_docente_historia_seq"', 21, true);


--
-- TOC entry 5116 (class 0 OID 0)
-- Dependencies: 240
-- Name: Periodo_id_periodo_seq; Type: SEQUENCE SET; Schema: public; Owner: postgres
--

SELECT pg_catalog.setval('public."Periodo_id_periodo_seq"', 6, true);


--
-- TOC entry 5117 (class 0 OID 0)
-- Dependencies: 251
-- Name: Reserva_id_reserva_seq; Type: SEQUENCE SET; Schema: public; Owner: postgres
--

SELECT pg_catalog.setval('public."Reserva_id_reserva_seq"', 18, true);


--
-- TOC entry 5118 (class 0 OID 0)
-- Dependencies: 253
-- Name: Reservacion_id_reservacion_seq; Type: SEQUENCE SET; Schema: public; Owner: postgres
--

SELECT pg_catalog.setval('public."Reservacion_id_reservacion_seq"', 23, true);


--
-- TOC entry 5119 (class 0 OID 0)
-- Dependencies: 256
-- Name: Tiene_id_seq; Type: SEQUENCE SET; Schema: public; Owner: postgres
--

SELECT pg_catalog.setval('public."Tiene_id_seq"', 1, false);


--
-- TOC entry 5120 (class 0 OID 0)
-- Dependencies: 242
-- Name: TipoPizarron_id_tipo_pizarron_seq; Type: SEQUENCE SET; Schema: public; Owner: postgres
--

SELECT pg_catalog.setval('public."TipoPizarron_id_tipo_pizarron_seq"', 2, true);


--
-- TOC entry 5121 (class 0 OID 0)
-- Dependencies: 223
-- Name: auth_group_id_seq; Type: SEQUENCE SET; Schema: public; Owner: postgres
--

SELECT pg_catalog.setval('public.auth_group_id_seq', 1, false);


--
-- TOC entry 5122 (class 0 OID 0)
-- Dependencies: 225
-- Name: auth_group_permissions_id_seq; Type: SEQUENCE SET; Schema: public; Owner: postgres
--

SELECT pg_catalog.setval('public.auth_group_permissions_id_seq', 1, false);


--
-- TOC entry 5123 (class 0 OID 0)
-- Dependencies: 221
-- Name: auth_permission_id_seq; Type: SEQUENCE SET; Schema: public; Owner: postgres
--

SELECT pg_catalog.setval('public.auth_permission_id_seq', 88, true);


--
-- TOC entry 5124 (class 0 OID 0)
-- Dependencies: 229
-- Name: auth_user_groups_id_seq; Type: SEQUENCE SET; Schema: public; Owner: postgres
--

SELECT pg_catalog.setval('public.auth_user_groups_id_seq', 1, false);


--
-- TOC entry 5125 (class 0 OID 0)
-- Dependencies: 227
-- Name: auth_user_id_seq; Type: SEQUENCE SET; Schema: public; Owner: postgres
--

SELECT pg_catalog.setval('public.auth_user_id_seq', 1, true);


--
-- TOC entry 5126 (class 0 OID 0)
-- Dependencies: 231
-- Name: auth_user_user_permissions_id_seq; Type: SEQUENCE SET; Schema: public; Owner: postgres
--

SELECT pg_catalog.setval('public.auth_user_user_permissions_id_seq', 1, false);


--
-- TOC entry 5127 (class 0 OID 0)
-- Dependencies: 233
-- Name: django_admin_log_id_seq; Type: SEQUENCE SET; Schema: public; Owner: postgres
--

SELECT pg_catalog.setval('public.django_admin_log_id_seq', 61, true);


--
-- TOC entry 5128 (class 0 OID 0)
-- Dependencies: 219
-- Name: django_content_type_id_seq; Type: SEQUENCE SET; Schema: public; Owner: postgres
--

SELECT pg_catalog.setval('public.django_content_type_id_seq', 21, true);


--
-- TOC entry 5129 (class 0 OID 0)
-- Dependencies: 217
-- Name: django_migrations_id_seq; Type: SEQUENCE SET; Schema: public; Owner: postgres
--

SELECT pg_catalog.setval('public.django_migrations_id_seq', 25, true);


-- Completed on 2024-12-17 16:21:49

--
-- PostgreSQL database dump complete
--

